City,Population Density (Persons/Square Mile),2016 Population,Land Area (Square Miles)
"New York, New York",28211,8537673,303
"Los Angeles, California",8484,3976322,469
"Chicago, Illinois",11883,2704958,228
"Houston, Texas",3842,2303482,600
"Phoenix, Arizona",3126,1615017,517
"Philadelphia, Pennsylvania",11692,1567872,134
"San Antonio, Texas",3238,1492510,461
"San Diego, California",4326,1406630,325
"Dallas, Texas",3870,1317929,341
"San Jose, California",5808,1025350,177
"Austin, Texas",3182,947890,298
"Jacksonville, Florida",1179,880619,747
"San Francisco, California",18581,870887,47
"Columbus, Ohio",3960,860090,217
"Indianapolis, Indiana",2366,855164,361
"Fort Worth, Texas",2513,854113,340
"Charlotte, North Carolina",2829,842051,298
"Seattle, Washington",8391,704352,84
"Denver, Colorado",4530,693060,153
"El Paso, Texas",2676,683080,255
"Washington, District of Columbia",11158,681170,61
"Boston, Massachusetts",13943,673184,48
"Detroit, Michigan",4849,672795,139
"Nashville, Tennessee",1390,660388,475
"Memphis, Tennessee",2072,652717,315
"Portland, Oregon",4795,639863,133
"Oklahoma City, Oklahoma",1053,638367,606
"Las Vegas, Nevada",4660,632912,136
"Louisville, Kentucky",1895,616261,325
"Baltimore, Maryland",7594,614664,81
"Milwaukee, Wisconsin",6191,595047,96
"Albuquerque, New Mexico",2979,559277,188
"Tucson, Arizona",2341,530706,227
"Fresno, California",4663,522053,112
"Sacramento, California",5058,495234,98
"Mesa, Arizona",3551,484587,136
"Kansas City, Missouri",1529,481420,315
"Atlanta, Georgia",3549,472522,133
"Long Beach, California",9348,470130,50
"Colorado Springs, Colorado",2391,465101,195
"Raleigh, North Carolina",3211,458880,143
"Miami, Florida",12645,453579,36
"Virginia Beach, Virginia",1818,452602,249
"Omaha, Nebraska",3517,446970,127
"Oakland, California",7528,420005,56
"Minneapolis, Minnesota",7664,413651,54
"Tulsa, Oklahoma",2049,403090,197
"Arlington, Texas",4096,392772,96
"New Orleans, Louisiana",2311,391495,169
"Wichita, Kansas",2448,389902,159
"Cleveland, Ohio",4965,385809,78
"Tampa, Florida",3326,377165,113
"Bakersfield, California",2648,376380,142
"Aurora, Colorado",2338,361710,155
"Urban Honolulu, Hawaii",5813,351792,61
"Anaheim, California",7043,351043,50
"Santa Ana, California",12256,334217,27
"Corpus Christi, Texas",2028,325733,161
"Riverside, California",4002,324722,81
"Lexington, Kentucky",1123,318449,284
"St. Louis, Missouri",5030,311404,62
"Stockton, California",4979,307072,62
"Pittsburgh, Pennsylvania",5484,303625,55
"St. Paul, Minnesota",5818,302398,52
"Cincinnati, Ohio",3834,298800,78
"Anchorage, Alaska",175,298192,1705
"Henderson, Nevada",2719,292969,108
"Greensboro, North Carolina",2269,287027,127
"Plano, Texas",3996,286057,72
"Newark, New Jersey",11648,281764,24
"Lincoln, Nebraska",3146,280364,89
"Toledo, Ohio",3452,278508,81
"Orlando, Florida",2707,277173,102
"Chula Vista, California",5383,267172,50
"Irvine, California",4025,266122,66
"Fort Wayne, Indiana",2391,264488,111
"Jersey City, New Jersey",17860,264152,15
"Durham, North Carolina",2450,263016,107
"St. Petersburg, Florida",4227,260999,62
"Laredo, Texas",2892,257156,89
"Buffalo, New York",6362,256902,40
"Madison, Wisconsin",3289,252551,77
"Lubbock, Texas",2063,252506,122
"Chandler, Arizona",3842,247477,64
"Scottsdale, Arizona",1341,246645,184
"Glendale, Arizona",4100,245895,60
"Reno, Nevada",2381,245255,103
"Norfolk, Virginia",4529,245115,54
"Winston-Salem, North Carolina",1829,242203,132
"North Las Vegas, Nevada",2355,238702,101
"Irving, Texas",3555,238289,67
"Chesapeake, Virginia",698,237940,341
"Gilbert, Arizona",3489,237133,68
"Hialeah, Florida",11020,236387,21
"Garland, Texas",4116,234943,57
"Fremont, California",3010,233136,77
"Baton Rouge, Louisiana",2959,227715,77
"Richmond, Virginia",3731,223170,60
"Boise City, Idaho",2812,223154,79
"San Bernardino, California",3653,216239,59
"Spokane, Washington",3645,215973,59
"Des Moines, Iowa",2664,215472,81
"Modesto, California",5755,212175,37
"Birmingham, Alabama",1452,212157,146
"Tacoma, Washington",4249,211277,50
"Fontana, California",4941,209665,42
"Rochester, New York",5838,208880,36
"Oxnard, California",7732,207906,27
"Moreno Valley, California",4008,205499,51
"Fayetteville, North Carolina",1404,204759,146
"Aurora, Illinois",4475,201110,45
"Glendale, California",6595,200831,30
"Yonkers, New York",11150,200807,18
"Huntington Beach, California",7501,200652,27
"Montgomery, Alabama",1254,200022,160
"Amarillo, Texas",2006,199582,99
"Little Rock, Arkansas",1666,198541,119
"Akron, Ohio",3186,197633,62
"Columbus, Georgia",913,197485,216
"Augusta-Richmond County, Georgia",652,197081,302
"Grand Rapids, Michigan",4424,196445,44
"Shreveport, Louisiana",1850,194920,105
"Salt Lake City, Utah",1744,193744,111
"Huntsville, Alabama",924,193079,209
"Mobile, Alabama",1387,192904,139
"Tallahassee, Florida",1904,190894,100
"Grand Prairie, Texas",2645,190682,72
"Overland Park, Kansas",2525,188966,75
"Knoxville, Tennessee",1890,186239,99
"Port St. Lucie, Florida",1625,185132,114
"Worcester, Massachusetts",4937,184508,37
"Brownsville, Texas",1389,183823,132
"Tempe, Arizona",4570,182498,40
"Santa Clarita, California",3452,181972,53
"Newport News, Virginia",2646,181825,69
"Cape Coral, Florida",1702,179804,106
"Providence, Rhode Island",9740,179219,18
"Fort Lauderdale, Florida",5141,178752,35
"Chattanooga, Tennessee",1295,177571,137
"Rancho Cucamonga, California",4430,176534,40
"Oceanside, California",4256,175464,41
"Santa Rosa, California",4242,175155,41
"Garden Grove, California",9747,174858,18
"Vancouver, Washington",3763,174826,46
"Sioux Falls, South Dakota",2390,174360,73
"Ontario, California",3468,173212,50
"McKinney, Texas",2770,172298,62
"Elk Grove, California",4023,169743,42
"Jackson, Mississippi",1523,169148,111
"Pembroke Pines, Florida",5090,168587,33
"Salem, Oregon",3495,167419,48
"Springfield, Missouri",2047,167319,82
"Corona, California",4295,166785,39
"Eugene, Oregon",3810,166575,44
"Fort Collins, Colorado",3025,164207,54
"Peoria, Arizona",941,164173,174
"Frisco, Texas",2648,163656,62
"Cary, North Carolina",2987,162320,54
"Lancaster, California",1698,160106,94
"Hayward, California",3507,158937,45
"Palmdale, California",1485,157356,106
"Salinas, California",6782,157218,23
"Alexandria, Virginia",10367,155810,15
"Lakewood, Colorado",3601,154393,43
"Springfield, Massachusetts",4834,154074,32
"Pasadena, Texas",3586,153351,43
"Sunnyvale, California",6947,152771,22
"Pomona, California",6645,152494,23
"Hollywood, Florida",5553,151998,27
"Kansas City, Kansas",1216,151709,125
"Escondido, California",4119,151613,37
"Clarksville, Tennessee",1540,150287,98
"Joliet, Illinois",2387,148262,62
"Rockford, Illinois",2417,147651,61
"Torrance, California",7187,147195,20
"Naperville, Illinois",3795,147122,39
"Paterson, New Jersey",17438,147000,8
"Savannah, Georgia",1423,146763,103
"Bridgeport, Connecticut",9138,145936,16
"Mesquite, Texas",3123,143736,46
"Killeen, Texas",2676,143400,54
"Syracuse, New York",5726,143378,25
"McAllen, Texas",2942,142212,48
"Pasadena, California",6185,142059,23
"Bellevue, Washington",4423,141400,32
"Fullerton, California",6296,140721,22
"Orange, California",5665,140504,25
"Dayton, Ohio",2525,140489,56
"Miramar, Florida",4690,138449,30
"Thornton, Colorado",3924,136703,35
"West Valley City, Utah",3841,136574,36
"Olathe, Kansas",2271,135473,60
"Hampton, Virginia",2634,135410,51
"Warren, Michigan",3930,135125,34
"Midland, Texas",1868,134610,72
"Waco, Texas",1511,134432,89
"Charleston, South Carolina",1233,134385,109
"Columbia, South Carolina",1016,134309,132
"Denton, Texas",1521,133808,88
"Carrollton, Texas",3674,133351,36
"Surprise, Arizona",1255,132677,106
"Roseville, California",3663,132671,36
"Sterling Heights, Michigan",3628,132427,37
"Murfreesboro, Tennessee",2384,131947,55
"Gainesville, Florida",2147,131591,61
"Cedar Rapids, Iowa",1852,131127,71
"Visalia, California",3616,131074,36
"Coral Springs, Florida",5467,130059,24
"New Haven, Connecticut",6956,129934,19
"Stamford, Connecticut",3430,129113,38
"Thousand Oaks, California",2342,128888,55
"Concord, California",4214,128726,31
"Elizabeth, New Jersey",10442,128640,12
"Lafayette, Louisiana",2592,127626,49
"Kent, Washington",4454,127514,29
"Topeka, Kansas",2107,126808,60
"Simi Valley, California",3045,126327,41
"Santa Clara, California",6841,125948,18
"Athens-Clarke County, Georgia",1060,123371,116
"Hartford, Connecticut",7091,123243,17
"Victorville, California",1671,122265,73
"Abilene, Texas",1145,122225,107
"Norman, Oklahoma",683,122180,179
"Vallejo, California",3955,121299,31
"Berkeley, California",11580,121240,10
"Round Rock, Texas",3544,120892,34
"Ann Arbor, Michigan",4340,120782,28
"Fargo, North Dakota",2474,120762,49
"Columbia, Missouri",1912,120612,63
"Allentown, Pennsylvania",6863,120443,18
"Evansville, Indiana",2706,119477,44
"Beaumont, Texas",1429,118299,83
"Odessa, Texas",2810,117871,42
"Wilmington, North Carolina",2282,117525,51
"Arvada, Colorado",3342,117453,35
"Independence, Missouri",1509,117030,78
"Provo, Utah",2805,116868,42
"Lansing, Michigan",3218,116020,36
"El Monte, California",12114,115807,10
"Springfield, Illinois",1945,115715,59
"Fairfield, California",3069,114756,37
"Clearwater, Florida",4474,114361,26
"Peoria, Illinois",2380,114265,48
"Rochester, Minnesota",2088,114011,55
"Carlsbad, California",3021,113952,38
"Westminster, Colorado",3609,113875,32
"West Jordan, Utah",3503,113699,32
"Pearland, Texas",2415,113570,47
"Richardson, Texas",3969,113347,29
"Downey, California",9127,113267,12
"Miami Gardens, Florida",6202,113058,18
"Temecula, California",3750,113054,30
"Costa Mesa, California",7209,112822,16
"College Station, Texas",2268,112141,49
"Elgin, Illinois",3017,112123,37
"Murrieta, California",3326,111674,34
"Gresham, Oregon",4807,111523,23
"High Point, North Carolina",2067,111223,54
"Antioch, California",3912,110898,28
"Inglewood, California",12200,110654,9
"Cambridge, Massachusetts",17316,110651,6
"Lowell, Massachusetts",8141,110558,14
"Manchester, New Hampshire",3339,110506,33
"Billings, Montana",2541,110323,43
"Pueblo, Colorado",2056,110291,54
"Palm Bay, Florida",1676,110104,66
"Centennial, Colorado",3828,109932,29
"Richmond, California",3652,109813,30
"San Buenaventura, California",5062,109592,22
"Pompano Beach, Florida",4558,109393,24
"North Charleston, South Carolina",1493,109298,73
"Everett, Washington",3260,109043,33
"Waterbury, Connecticut",3796,108272,29
"West Palm Beach, Florida",1956,108161,55
"Boulder, Colorado",4383,108090,25
"West Covina, California",6724,107847,16
"Broken Arrow, Oklahoma",1744,107403,62
"Clovis, California",4578,106583,23
"Daly City, California",13900,106472,8
"Lakeland, Florida",1630,106420,65
"Santa Maria, California",4670,106290,23
"Norwalk, California",10935,106178,10
"Sandy Springs, Georgia",2808,105703,38
"Hillsboro, Oregon",4400,105164,24
"Green Bay, Wisconsin",2312,105139,45
"Tyler, Texas",1946,104798,54
"Wichita Falls, Texas",1452,104724,72
"Lewisville, Texas",2875,104659,36
"Burbank, California",6023,104447,17
"Greeley, Colorado",2234,103990,47
"San Mateo, California",8570,103959,12
"El Cajon, California",7191,103768,14
"Rialto, California",4623,103314,22
"Davenport, Iowa",1630,102612,63
"League City, Texas",1989,102010,51
"Davie, Florida",2920,101871,35
"Las Cruces, New Mexico",1330,101759,76
"South Bend, Indiana",2454,101735,41
"Vista, California",5442,101659,19
"Renton, Washington",4366,100953,23
"San Angelo, Texas",1771,100702,57
"Roanoke, Virginia",2342,99660,43
"Kenosha, Wisconsin",3700,99631,27
"Tuscaloosa, Alabama",1653,99543,60
"Allen, Texas",3772,99179,26
"Erie, Pennsylvania",5167,98593,19
"Sparks, Nevada",2750,98345,36
"Vacaville, California",3465,98303,28
"Albany, New York",4587,98111,21
"Beaverton, Oregon",5210,97590,19
"Compton, California",9745,97550,10
"Orem, Utah",5331,97499,18
"Flint, Michigan",2914,97386,33
"Federal Way, Washington",4347,96757,22
"Mission Viejo, California",5434,96396,18
"Spokane Valley, Washington",2551,96340,38
"Boca Raton, Florida",3277,96114,29
"Lee's Summit, Missouri",1517,96076,63
"Rio Rancho, New Mexico",929,96028,103
"Sandy, Utah",4190,95836,23
"Brockton, Massachusetts",4483,95630,21
"Meridian, Idaho",3569,95623,27
"South Gate, California",13196,95538,7
"Lawrence, Kansas",2841,95358,34
"San Marcos, California",3909,95261,24
"Portsmouth, Virginia",2831,95252,34
"New Bedford, Massachusetts",4752,95032,20
"Yuma, Arizona",789,94906,120
"Lawton, Oklahoma",1168,94653,81
"Roswell, Georgia",2323,94598,41
"Dearborn, Michigan",3899,94444,24
"Livonia, Michigan",2634,94041,36
"Yakima, Washington",3458,93986,27
"Sunrise, Florida",5179,93734,18
"Hesperia, California",1282,93724,73
"Quincy, Massachusetts",5654,93688,17
"Longmont, Colorado",3546,92858,26
"Carson, California",4957,92797,19
"Plantation, Florida",4264,92706,22
"Lynn, Massachusetts",8631,92697,11
"Santa Monica, California",10996,92478,8
"Santa Barbara, California",4722,91930,19
"Miami Beach, Florida",12047,91917,8
"Redding, California",1539,91808,60
"Chico, California",2782,91567,33
"Westminster, California",9111,91565,10
"Greenville, North Carolina",2644,91495,35
"Nampa, Idaho",2930,91382,31
"Edmond, Oklahoma",1077,91191,85
"Bend, Oregon",2760,91122,33
"Carmel, Indiana",1919,91065,47
"San Leandro, California",6781,90465,13
"Fishers, Indiana",2683,90127,34
"Deltona, Florida",2401,90124,38
"Concord, North Carolina",1491,89891,60
"Tracy, California",4058,89274,22
"Suffolk, Virginia",223,89273,400
"Asheville, North Carolina",1984,89121,45
"Livermore, California",3541,89115,25
"Newton, Massachusetts",4991,89045,18
"Fall River, Massachusetts",2684,88930,33
"Menifee, California",1905,88531,46
"Indio, California",3032,88488,29
"Norwalk, Connecticut",3869,88438,23
"Waukegan, Illinois",3725,88182,24
"Sugar Land, Texas",2723,88177,32
"Fort Smith, Arkansas",1422,88133,62
"Hawthorne, California",14479,88031,6
"Nashua, New Hampshire",2849,87882,31
"Chino, California",2961,87776,30
"Kirkland, Washington",8128,87701,11
"Edinburg, Texas",2329,87650,38
"Reading, Pennsylvania",8864,87575,10
"Bellingham, Washington",3234,87574,27
"Citrus Heights, California",6144,87432,14
"Whittier, California",5931,86883,15
"Ogden, Utah",3200,86701,27
"Newport Beach, California",3642,86688,24
"Champaign, Illinois",3863,86637,22
"Duluth, Minnesota",1273,86293,68
"O'Fallon, Missouri",2956,86274,29
"Clifton, New Jersey",7624,85845,11
"Alhambra, California",11202,85474,8
"Bloomington, Minnesota",2460,85319,35
"Palm Coast, Florida",947,85109,90
"Danbury, Connecticut",2029,84992,42
"Hoover, Alabama",1802,84978,47
"Redwood City, California",4374,84950,19
"Bloomington, Indiana",3647,84465,23
"Hemet, California",3026,84281,28
"Mount Pleasant, South Carolina",1867,84170,45
"Trenton, New Jersey",10988,84056,8
"Santa Fe, New Mexico",1824,83875,46
"Johns Creek, Georgia",2729,83873,31
"Fayetteville, Arkansas",1557,83826,54
"Troy, Michigan",2499,83641,33
"Mission, Texas",2458,83563,34
"Bryan, Texas",1875,83260,44
"Lake Forest, California",4671,83240,18
"Buena Park, California",7905,83156,11
"Largo, Florida",4714,83065,18
"Cicero, Illinois",14162,82992,6
"Avondale, Arizona",1818,82881,46
"Sioux City, Iowa",1445,82872,57
"Merced, California",3542,82594,23
"St. George, Utah",1169,82318,70
"Conroe, Texas",1561,82286,53
"Pleasanton, California",3412,82270,24
"Longview, Texas",1473,82055,56
"Medford, Oregon",3173,81636,26
"Warwick, Rhode Island",2328,81579,35
"Westland, Michigan",3993,81545,20
"Somerville, Massachusetts",19738,81322,4
"Melbourne, Florida",2398,81185,34
"Lakewood, California",8623,81138,9
"Farmington Hills, Michigan",2438,81129,33
"Cranston, Rhode Island",2859,81034,28
"Kennewick, Washington",2988,80454,27
"Mountain View, California",6704,80447,12
"Napa, California",4508,80416,18
"Tustin, California",7256,80395,11
"Lynchburg, Virginia",1633,80212,49
"Lawrence, Massachusetts",11574,80209,7
"Deerfield Beach, Florida",5286,79764,15
"Brooklyn Park, Minnesota",3057,79707,26
"New Rochelle, New York",7687,79557,10
"Parma, Ohio",3967,79425,20
"Alameda, California",7437,78906,11
"Chino Hills, California",1764,78822,45
"Springdale, Arkansas",1879,78557,42
"Bloomington, Illinois",2866,78005,27
"Bellflower, California",12711,77790,6
"Racine, Wisconsin",5011,77571,15
"Milpitas, California",5705,77528,14
"Auburn, Washington",2616,77472,30
"Pharr, Texas",3301,77320,23
"Scranton, Pennsylvania",3054,77291,25
"Folsom, California",3520,77271,22
"Goodyear, Arizona",403,77258,191
"Plymouth, Minnesota",2363,77216,33
"Fort Myers, Florida",1931,77146,40
"Hammond, Indiana",3386,77134,23
"Manteca, California",4338,76908,18
"Loveland, Colorado",2289,76897,34
"Lake Charles, Louisiana",1827,76848,42
"Upland, California",4909,76684,16
"St. Joseph, Missouri",1738,76472,44
"Baldwin Park, California",11533,76464,7
"Gary, Indiana",1532,76424,50
"Perris, California",2432,76331,31
"Baytown, Texas",2144,75992,35
"Kalamazoo, Michigan",3079,75984,25
"Layton, Utah",3439,75655,22
"San Ramon, California",4188,75639,18
"Boynton Beach, Florida",4673,75569,16
"Wyoming, Michigan",3067,75567,25
"Gastonia, North Carolina",1496,75536,51
"Arlington Heights, Illinois",4547,75525,17
"Union City, California",3869,75322,19
"Bethlehem, Pennsylvania",3942,75293,19
"Evanston, Illinois",9627,74895,8
"Jonesboro, Arkansas",938,74889,80
"Franklin, Tennessee",1814,74794,41
"Missouri City, Texas",2624,74561,28
"Bolingbrook, Illinois",3098,74518,24
"Schaumburg, Illinois",3873,74446,19
"Camden, New Jersey",8343,74420,9
"Iowa City, Iowa",2975,74398,25
"Warner Robins, Georgia",2121,74388,35
"Appleton, Wisconsin",3057,74370,24
"Rapid City, South Dakota",1336,74048,55
"New Braunfels, Texas",1686,73959,44
"Albany, Georgia",1339,73801,55
"Temple, Texas",1067,73600,69
"Flower Mound, Texas",1777,73547,41
"Rochester Hills, Michigan",2237,73422,33
"Southfield, Michigan",2783,73100,26
"Rock Hill, South Carolina",2042,72937,36
"Turlock, California",4300,72796,17
"Decatur, Illinois",1722,72706,42
"New Britain, Connecticut",5419,72558,13
"Apple Valley, California",991,72553,73
"Bismarck, North Dakota",2348,72417,31
"Missoula, Montana",2630,72364,28
"Waukesha, Wisconsin",2917,72363,25
"Rancho Cordova, California",2158,72326,34
"Gulfport, Mississippi",1297,72076,56
"Lafayette, Indiana",2588,71782,28
"Lauderhill, Florida",8397,71626,9
"Flagstaff, Arizona",1119,71459,64
"Wilmington, Delaware",6554,71442,11
"Pawtucket, Rhode Island",8229,71427,9
"Canton, Ohio",2801,71323,25
"Redlands, California",1973,71288,36
"Lynwood, California",14708,71187,5
"Pittsburg, California",4104,70679,17
"Passaic, New Jersey",22424,70635,3
"Pasco, Washington",2314,70579,31
"Frederick, Maryland",3186,70060,22
"Weston, Florida",2783,70015,25
"North Richland Hills, Texas",3841,69798,18
"Maple Grove, Minnesota",2132,69576,33
"Kissimmee, Florida",3274,69369,21
"Union City, New Jersey",54138,69296,1
"St. Charles, Missouri",2930,69293,24
"Walnut Creek, California",3498,69122,20
"South Jordan, Utah",3131,69034,22
"Muncie, Indiana",2537,69010,27
"Cedar Park, Texas",3016,68918,23
"Woodbury, Minnesota",1982,68820,35
"Palatine, Illinois",5049,68766,14
"Bossier City, Louisiana",1618,68485,42
"Dothan, Alabama",766,68468,89
"Mount Vernon, New York",15568,68344,4
"Eau Claire, Wisconsin",2133,68339,32
"Yorba Linda, California",3503,68235,19
"Davis, California",6887,68111,10
"Homestead, Florida",4491,67996,15
"Waterloo, Iowa",1107,67934,61
"Redondo Beach, California",10946,67867,6
"Jacksonville, North Carolina",1457,67784,47
"Gaithersburg, Maryland",6645,67776,10
"Victoria, Texas",1907,67670,35
"St. Cloud, Minnesota",1689,67641,40
"Marysville, Washington",3270,67626,21
"Greenville, South Carolina",2353,67453,29
"Delray Beach, Florida",4261,67371,16
"Camarillo, California",3449,67363,20
"Georgetown, Texas",1403,67140,48
"Kenner, Louisiana",4512,67089,15
"Palo Alto, California",2807,67024,24
"Jackson, Tennessee",1247,67005,54
"South San Francisco, California",7328,66980,9
"Rockville, Maryland",4955,66940,14
"Portland, Maine",3141,66937,21
"Yuba City, California",4585,66845,15
"Johnson City, Tennessee",1553,66677,43
"Daytona Beach, Florida",1141,66645,58
"Oshkosh, Wisconsin",2602,66579,26
"Broomfield, Colorado",2014,66529,33
"Eagan, Minnesota",2135,66428,31
"North Little Rock, Arkansas",1287,66278,52
"Bayonne, New Jersey",11420,66238,6
"Ames, Iowa",2734,66191,24
"Mansfield, Texas",1804,65631,36
"Harlingen, Texas",1646,65539,40
"Alpharetta, Georgia",2428,65338,27
"Laguna Niguel, California",4405,65328,15
"San Clemente, California",3491,65309,19
"Conway, Arkansas",1440,65300,45
"Bowling Green, Kentucky",1727,65234,38
"Tamarac, Florida",5611,65199,12
"Shawnee, Kansas",1558,65194,42
"Rogers, Arkansas",1714,65021,38
"Schenectady, New York",6022,64913,11
"East Orange, New Jersey",16528,64789,4
"Lodi, California",4750,64641,14
"Buckeye, Arizona",172,64629,375
"West Des Moines, Iowa",1673,64560,39
"Santa Cruz, California",5060,64465,13
"Madera, California",4081,64444,16
"Youngstown, Ohio",1894,64312,34
"North Port, Florida",645,64274,100
"Skokie, Illinois",6389,64270,10
"Lake Elsinore, California",1773,64205,36
"Janesville, Wisconsin",1895,64159,34
"Cheyenne, Wyoming",2611,64019,25
"Eden Prairie, Minnesota",1970,63914,32
"Wellington, Florida",1423,63900,45
"Jupiter, Florida",2972,63813,21
"Sammamish, Washington",3500,63773,18
"Lorain, Ohio",2692,63730,24
"Pico Rivera, California",7667,63635,8
"Montebello, California",7603,63335,8
"Encinitas, California",3356,63131,19
"Auburn, Alabama",1087,63118,58
"Waltham, Massachusetts",4949,63002,13
"Blaine, Minnesota",1858,62892,34
"Haverhill, Massachusetts",1907,62873,33
"Rocklin, California",3213,62787,20
"Tulare, California",2999,62779,21
"Council Bluffs, Iowa",1526,62524,41
"Redmond, Washington",3836,62458,16
"Coon Rapids, Minnesota",2758,62359,23
"North Miami, Florida",7389,62139,8
"Hamilton, Ohio",2876,62127,22
"Rowlett, Texas",3117,61999,20
"San Marcos, Texas",2051,61980,30
"Lakeville, Minnesota",1718,61938,36
"Springfield, Oregon",3932,61893,16
"Grand Junction, Colorado",1619,61881,38
"La Habra, California",8367,61664,7
"Moore, Oklahoma",2815,61415,22
"Burnsville, Minnesota",2460,61290,25
"Taylor, Michigan",2592,61177,24
"Eastvale, California",5359,61151,11
"National City, California",8399,61147,7
"Lehi, Utah",2321,61130,26
"Port Orange, Florida",2292,61105,27
"Monterey Park, California",7963,61075,8
"Marietta, Georgia",2640,60941,23
"Terre Haute, Indiana",1762,60852,35
"Malden, Massachusetts",12071,60840,5
"Lakewood, Washington",3533,60665,17
"Utica, New York",3619,60652,17
"Cupertino, California",5386,60643,11
"Brentwood, California",4093,60532,15
"Petaluma, California",4209,60530,14
"Vineland, New Jersey",885,60525,68
"Taylorsville, Utah",5570,60436,11
"Idaho Falls, Idaho",2694,60211,22
"Noblesville, Indiana",1918,60183,31
"Bristol, Connecticut",2277,60147,26
"West Allis, Wisconsin",5280,60087,11
"Gardena, California",10300,60048,6
"La Mesa, California",6602,59948,9
"St. Clair Shores, Michigan",5144,59775,12
"Pontiac, Michigan",2989,59698,20
"Meriden, Connecticut",2506,59622,24
"Dublin, California",3996,59583,15
"Coconut Creek, Florida",5013,59405,12
"Casper, Wyoming",2205,59324,27
"Owensboro, Kentucky",3105,59273,19
"Ocala, Florida",1322,59253,45
"Chapel Hill, North Carolina",2805,59246,21
"Pflugerville, Texas",2654,59245,22
"Lancaster, Pennsylvania",8191,59218,7
"Novi, Michigan",1957,59211,30
"Great Falls, Montana",2716,59178,22
"Springfield, Ohio",2336,59087,25
"Woodland, California",3861,59068,15
"Royal Oak, Michigan",5009,59006,12
"Porterville, California",3349,58978,18
"San Rafael, California",3579,58954,16
"Huntington Park, California",19561,58879,3
"Orland Park, Illinois",2690,58862,22
"Ankeny, Iowa",1999,58627,29
"Bartlett, Tennessee",2200,58622,27
"Sanford, Florida",2552,58605,23
"Dubuque, Iowa",1953,58531,30
"Arcadia, California",5354,58523,11
"Bowie, Maryland",3168,58393,18
"White Plains, New York",5961,58241,10
"Des Plaines, Illinois",4071,58141,14
"Doral, Florida",4175,57947,14
"Margate, Florida",6539,57870,9
"Santee, California",3561,57834,16
"Kokomo, Indiana",3124,57799,19
"Castle Rock, Colorado",1707,57666,34
"Grand Forks, North Dakota",2881,57339,20
"Midwest City, Oklahoma",2349,57305,24
"St. Peters, Missouri",2561,57289,22
"Medford, Massachusetts",7063,57213,8
"Corvallis, Oregon",4042,57110,14
"Hendersonville, Tennessee",1819,57050,31
"New Brunswick, New Jersey",10881,56910,5
"Taunton, Massachusetts",1217,56843,47
"Tinley Park, Illinois",3548,56831,16
"Diamond Bar, California",3817,56793,15
"Smyrna, Georgia",3691,56664,15
"Sarasota, Florida",3862,56610,15
"Greenwood, Indiana",2663,56545,21
"Fountain Valley, California",6267,56529,9
"Valdosta, Georgia",1576,56474,36
"Oak Lawn, Illinois",6549,56257,9
"Novato, California",2041,56004,27
"Chicopee, Massachusetts",2453,55991,23
"Weymouth Town, Massachusetts",3334,55972,17
"Dearborn Heights, Michigan",4750,55761,12
"Berwyn, Illinois",14258,55748,4
"Bradenton, Florida",3927,55687,14
"Hempstead, New York",15096,55555,4
"Hanford, California",3348,55547,17
"Rocky Mount, North Carolina",1267,55466,44
"Port Arthur, Texas",721,55427,77
"Shoreline, Washington",4741,55333,12
"Kettering, Ohio",2961,55306,19
"Anderson, Indiana",1333,55130,41
"Decatur, Alabama",1026,55072,54
"Gilroy, California",3410,55069,16
"Richland, Washington",1539,54989,36
"Manhattan, Kansas",2931,54983,19
"Highland, California",2929,54939,19
"Paramount, California",11609,54909,5
"Commerce City, Colorado",1600,54869,34
"Huntersville, North Carolina",1384,54839,40
"Euless, Texas",3379,54769,16
"Pocatello, Idaho",1699,54746,32
"Carson City, Nevada",378,54742,145
"Colton, California",3571,54712,15
"Casa Grande, Arizona",497,54534,110
"West Haven, Connecticut",5071,54516,11
"Rosemead, California",10562,54500,5
"Blue Springs, Missouri",2444,54431,22
"Hoboken, New Jersey",42484,54379,1
"Normal, Illinois",2957,54264,18
"Bonita Springs, Florida",1404,54198,39
"Mount Prospect, Illinois",5239,54171,10
"Cathedral City, California",2514,54056,22
"Watsonville, California",8041,53796,7
"Pensacola, Florida",2386,53779,23
"Palm Beach Gardens, Florida",976,53778,55
"Lake Havasu City, Arizona",1210,53743,44
"Elyria, Ohio",2611,53715,21
"Bellevue, Nebraska",3376,53505,16
"Wheaton, Illinois",4746,53389,11
"West New York, New Jersey",52815,53343,1
"Yucaipa, California",1911,53309,28
"Southaven, Mississippi",1290,53214,41
"Albany, Oregon",3034,53211,18
"Revere, Massachusetts",9342,53157,6
"Caldwell, Idaho",2409,53149,22
"Harrisonburg, Virginia",3047,53078,17
"West Sacramento, California",2472,52981,21
"Lenexa, Kansas",1551,52903,34
"Kingsport, Tennessee",1060,52806,50
"Burlington, North Carolina",2094,52709,25
"Delano, California",3686,52707,14
"Leesburg, Virginia",4246,52607,12
"DeSoto, Texas",2433,52599,22
"Milford, Connecticut",2399,52536,22
"Perth Amboy, New Jersey",11170,52499,5
"Peabody, Massachusetts",3238,52491,16
"Minnetonka, Minnesota",1945,52369,27
"Palm Desert, California",1948,52231,27
"Placentia, California",7949,52228,7
"Elkhart, Indiana",2227,52221,23
"Joplin, Missouri",1468,52195,36
"Pinellas Park, Florida",3362,52137,16
"La Crosse, Wisconsin",2539,52109,21
"Grapevine, Texas",1628,51971,32
"Apple Valley, Minnesota",3082,51957,17
"Tigard, Oregon",4395,51902,12
"Glendora, California",2674,51851,19
"Florissant, Missouri",4122,51776,13
"Oak Park, Illinois",11016,51774,5
"Hoffman Estates, Illinois",2487,51738,21
"Kentwood, Michigan",2473,51689,21
"Battle Creek, Michigan",1209,51534,43
"Grand Island, Nebraska",1813,51517,28
"Aliso Viejo, California",6884,51424,7
"Edina, Minnesota",3324,51350,15
"Olympia, Washington",2873,51202,18
"Parker, Colorado",2498,51163,20
"Enid, Oklahoma",692,51004,74
"Burien, Washington",6873,50997,7
"Coral Gables, Florida",3933,50815,13
"Logan, Utah",2825,50676,18
"Plainfield, New Jersey",8411,50636,6
"Cerritos, California",5791,50555,9
"Galveston, Texas",1226,50550,41
"Coeur d'Alene, Idaho",3230,50285,16
"Lakewood, Ohio",9092,50279,6
"Poway, California",1281,50077,39
