Areaname,land_area
ALABAMA,52422.94
"Autauga, AL",604.49
"Baldwin, AL",2027.08
"Barbour, AL",904.59
"Bibb, AL",625.5
"Blount, AL",650.65
"Bullock, AL",626.11
"Butler, AL",777.99
"Calhoun, AL",612.35
"Chambers, AL",603.15
"Cherokee, AL",600
"Chilton, AL",700.8
"Choctaw, AL",920.91
"Clarke, AL",1252.6
"Clay, AL",606.05
"Cleburne, AL",561.06
"Coffee, AL",680.52
"Colbert, AL",623.66
"Conecuh, AL",852.58
"Coosa, AL",666.41
"Covington, AL",1043.95
"Crenshaw, AL",610.91
"Cullman, AL",754.86
"Dale, AL",562.72
"Dallas, AL",993.46
"DeKalb, AL",778.71
"Elmore, AL",657.26
"Escambia, AL",953.04
"Etowah, AL",548.81
"Fayette, AL",629.38
"Franklin, AL",646.55
"Geneva, AL",578.96
"Greene, AL",659.99
"Hale, AL",656.52
"Henry, AL",568.38
"Houston, AL",581.71
"Jackson, AL",1126.82
"Jefferson, AL",1123.87
"Lamar, AL",605.51
"Lauderdale, AL",718.84
"Lawrence, AL",718.13
"Lee, AL",615.61
"Limestone, AL",607.12
"Lowndes, AL",725.09
"Macon, AL",613.29
"Madison, AL",812.89
"Marengo, AL",982.92
"Marion, AL",743.62
"Marshall, AL",623.21
"Mobile, AL",1644.14
"Monroe, AL",1034.62
"Montgomery, AL",799.81
"Morgan, AL",599.09
"Perry, AL",724.13
"Pickens, AL",890.1
"Pike, AL",672.15
"Randolph, AL",584.15
"Russell, AL",647.44
"St. Clair, AL",653.66
"Shelby, AL",809.6
"Sumter, AL",913.35
"Talladega, AL",760.32
"Tallapoosa, AL",766.3
"Tuscaloosa, AL",1352.03
"Walker, AL",805.36
"Washington, AL",1088.62
"Wilcox, AL",907.54
"Winston, AL",631.9
ALASKA,656424.14
"Aleutians East, AK",15011.77
"Aleutians West, AK",14114.7
"Anchorage, AK",1961.51
"Bethel, AK",45954.59
"Bristol Bay, AK",917.61
"Denali, AK",0
"Dillingham, AK",20613.12
"Fairbanks North Star, AK",7443.68
"Haines, AK",2754.1
"Hoonah-Angoon, AK",17500.23
"Juneau, AK",3081.12
"Kenai Peninsula, AK",21664.33
"Ketchikan Gateway, AK",1743.55
"Kodiak Island, AK",11845.9
"Lake and Peninsula, AK",29008.24
"Matanuska-Susitna, AK",25232.41
"Nome, AK",28276.17
"North Slope, AK",93823.1
"Northwest Arctic, AK",40660.96
"Petersburg, AK",8973.77
"Prince of Wales-Hyder, AK",12566.41
"Sitka, AK",4849.75
"Skagway, AK",0
"Southeast Fairbanks, AK",26235.44
"Valdez-Cordova, AK",43515.67
"Wade Hampton, AK",19680.08
"Wrangell, AK",0
"Yakutat, AK",0
"Yukon-Koyukuk, AK",158995.95
ARIZONA,114006.26
"Apache, AZ",11219.17
"Cochise, AZ",6219.32
"Coconino, AZ",18662.57
"Gila, AZ",4796.14
"Graham, AZ",4641.47
"Greenlee, AZ",1848.55
"La Paz, AZ",4513.66
"Maricopa, AZ",9224.86
"Mohave, AZ",13470.5
"Navajo, AZ",9960.22
"Pima, AZ",9189.44
"Pinal, AZ",5374.49
"Santa Cruz, AZ",1238.22
"Yavapai, AZ",8128.33
"Yuma, AZ",5519.32
ARKANSAS,53182.36
"Arkansas, AR",1033.85
"Ashley, AR",939.16
"Baxter, AR",586.78
"Benton, AR",876.82
"Boone, AR",601.86
"Bradley, AR",654.43
"Calhoun, AR",632.59
"Carroll, AR",642.33
"Chicot, AR",690.93
"Clark, AR",882.68
"Clay, AR",641.47
"Cleburne, AR",591.95
"Cleveland, AR",598.84
"Columbia, AR",766.94
"Conway, AR",566.71
"Craighead, AR",713.03
"Crawford, AR",604.24
"Crittenden, AR",636.73
"Cross, AR",622.38
"Dallas, AR",668.21
"Desha, AR",819.57
"Drew, AR",835.71
"Faulkner, AR",664.05
"Franklin, AR",619.72
"Fulton, AR",620.36
"Garland, AR",734.61
"Grant, AR",633.06
"Greene, AR",579.69
"Hempstead, AR",741.42
"Hot Spring, AR",622.2
"Howard, AR",595.24
"Independence, AR",771.64
"Izard, AR",584.07
"Jackson, AR",641.5
"Jefferson, AR",913.75
"Johnson, AR",682.78
"Lafayette, AR",545.11
"Lawrence, AR",592.39
"Lee, AR",619.5
"Lincoln, AR",572.21
"Little River, AR",564.9
"Logan, AR",731.55
"Lonoke, AR",802.48
"Madison, AR",837.13
"Marion, AR",640.38
"Miller, AR",637.53
"Mississippi, AR",919.8
"Monroe, AR",621.46
"Montgomery, AR",800.34
"Nevada, AR",620.83
"Newton, AR",823.24
"Ouachita, AR",739.7
"Perry, AR",560.51
"Phillips, AR",727.34
"Pike, AR",613.93
"Poinsett, AR",763.44
"Polk, AR",862.47
"Pope, AR",830.84
"Prairie, AR",675.81
"Pulaski, AR",807.91
"Randolph, AR",656.08
"St. Francis, AR",642.44
"Saline, AR",730.5
"Scott, AR",898.15
"Searcy, AR",668.56
"Sebastian, AR",546.07
"Sevier, AR",581.38
"Sharp, AR",606.39
"Stone, AR",609.47
"Union, AR",1055.36
"Van Buren, AR",724.36
"Washington, AR",956.07
"White, AR",1042.43
"Woodruff, AR",594.09
"Yell, AR",948.89
CALIFORNIA,163707.15
"Alameda, CA",821.26
"Alpine, CA",743.23
"Amador, CA",604.26
"Butte, CA",1677.22
"Calaveras, CA",1036.92
"Colusa, CA",1156.32
"Contra Costa, CA",802.18
"Del Norte, CA",1229.84
"El Dorado, CA",1791.29
"Fresno, CA",6017.89
"Glenn, CA",1327.25
"Humboldt, CA",4052.52
"Imperial, CA",4482.08
"Inyo, CA",10227.75
"Kern, CA",8162.03
"Kings, CA",1391.58
"Lake, CA",1329.59
"Lassen, CA",4720.61
"Los Angeles, CA",4752.32
"Madera, CA",2153.39
"Marin, CA",828.22
"Mariposa, CA",1462.89
"Mendocino, CA",3878.5
"Merced, CA",1972.02
"Modoc, CA",4203.62
"Mono, CA",3131.89
"Monterey, CA",3771.11
"Napa, CA",788.34
"Nevada, CA",974.54
"Orange, CA",947.91
"Placer, CA",1500.24
"Plumas, CA",2613.75
"Riverside, CA",7303.81
"Sacramento, CA",995.65
"San Benito, CA",1390.81
"San Bernardino, CA",20106.39
"San Diego, CA",4525.92
"San Francisco, CA",231.89
"San Joaquin, CA",1426.37
"San Luis Obispo, CA",3615.73
"San Mateo, CA",741.07
"Santa Barbara, CA",3789.56
"Santa Clara, CA",1304.53
"Santa Cruz, CA",607.72
"Shasta, CA",3847.61
"Sierra, CA",962.03
"Siskiyou, CA",6347.81
"Solano, CA",906.85
"Sonoma, CA",1768.35
"Stanislaus, CA",1514.8
"Sutter, CA",608.86
"Tehama, CA",2962.3
"Trinity, CA",3207.79
"Tulare, CA",4839.41
"Tuolumne, CA",2274.52
"Ventura, CA",2208.36
"Yolo, CA",1022.87
"Yuba, CA",643.55
COLORADO,104100.32
"Adams, CO",1197.83
"Alamosa, CO",723.59
"Arapahoe, CO",805.47
"Archuleta, CO",1354.65
"Baca, CO",2557.24
"Bent, CO",1541.25
"Boulder, CO",751.4
"Broomfield, CO",0
"Chaffee, CO",1015.07
"Cheyenne, CO",1781.5
"Clear Creek, CO",396.47
"Conejos, CO",1290.99
"Costilla, CO",1230.55
"Crowley, CO",800.38
"Custer, CO",739.95
"Delta, CO",1148.61
"Denver, CO",154.88
"Dolores, CO",1068.14
"Douglas, CO",842.81
"Eagle, CO",1691.89
"Elbert, CO",1851.01
"El Paso, CO",2129.71
"Fremont, CO",1534.06
"Garfield, CO",2956.08
"Gilpin, CO",150.26
"Grand, CO",1869.7
"Gunnison, CO",3259.94
"Hinsdale, CO",1123.22
"Huerfano, CO",1593.36
"Jackson, CO",1621.05
"Jefferson, CO",778.2
"Kiowa, CO",1785.87
"Kit Carson, CO",2161.71
"Lake, CO",383.93
"La Plata, CO",1700.03
"Larimer, CO",2634
"Las Animas, CO",4775.74
"Lincoln, CO",2586.56
"Logan, CO",1844.96
"Mesa, CO",3341.28
"Mineral, CO",877.82
"Moffat, CO",4751.21
"Montezuma, CO",2040.08
"Montrose, CO",2242.71
"Morgan, CO",1293.97
"Otero, CO",1269.81
"Ouray, CO",542.26
"Park, CO",2210.82
"Phillips, CO",687.78
"Pitkin, CO",973.28
"Prowers, CO",1644.46
"Pueblo, CO",2397.86
"Rio Blanco, CO",3223.1
"Rio Grande, CO",913.13
"Routt, CO",2368.19
"Saguache, CO",3170.46
"San Juan, CO",388.31
"San Miguel, CO",1288.54
"Sedgwick, CO",549.64
"Summit, CO",619.29
"Teller, CO",558.99
"Washington, CO",2524.29
"Weld, CO",4021.76
"Yuma, CO",2369.22
CONNECTICUT,5543.65
"Fairfield, CT",837.01
"Hartford, CT",750.61
"Litchfield, CT",944.63
"Middlesex, CT",439.07
"New Haven, CT",862.06
"New London, CT",771.71
"Tolland, CT",417.03
"Windham, CT",521.51
DELAWARE,2489.38
"Kent, DE",800.14
"New Castle, DE",493.53
"Sussex, DE",1195.7
DISTRICT OF COLUMBIA,68.36
District of Columbia,68.36
FLORIDA,65758.08
"Alachua, FL",969.18
"Baker, FL",588.92
"Bay, FL",1033.35
"Bradford, FL",300.06
"Brevard, FL",1557.25
"Broward, FL",1319.74
"Calhoun, FL",574.38
"Charlotte, FL",859.28
"Citrus, FL",773.24
"Clay, FL",643.73
"Collier, FL",2305.09
"Columbia, FL",801.12
"DeSoto, FL",639.55
"Dixie, FL",863.71
"Duval, FL",918.28
"Escambia, FL",893.94
"Flagler, FL",570.79
"Franklin, FL",1026.45
"Gadsden, FL",528.51
"Gilchrist, FL",355.49
"Glades, FL",986.19
"Gulf, FL",755.78
"Hamilton, FL",519.35
"Hardee, FL",638.38
"Hendry, FL",1189.89
"Hernando, FL",589.12
"Highlands, FL",1106.36
"Hillsborough, FL",1266.36
"Holmes, FL",488.75
"Indian River, FL",616.97
"Jackson, FL",954.67
"Jefferson, FL",636.68
"Lafayette, FL",547.96
"Lake, FL",1156.51
"Lee, FL",1212
"Leon, FL",701.83
"Levy, FL",1412.41
"Liberty, FL",843.22
"Madison, FL",715.89
"Manatee, FL",892.84
"Marion, FL",1663.1
"Martin, FL",752.86
"Miami-Dade, FL",2429.59
"Monroe, FL",3737.42
"Nassau, FL",725.9
"Okaloosa, FL",1082.09
"Okeechobee, FL",891.98
"Orange, FL",1004.31
"Osceola, FL",1506.49
"Palm Beach, FL",2386.53
"Pasco, FL",868.02
"Pinellas, FL",607.75
"Polk, FL",2010.19
"Putnam, FL",827.22
"St. Johns, FL",821.47
"St. Lucie, FL",688.13
"Santa Rosa, FL",1155.31
"Sarasota, FL",725.27
"Seminole, FL",344.9
"Sumter, FL",580.35
"Suwannee, FL",691.94
"Taylor, FL",1232.05
"Union, FL",249.72
"Volusia, FL",1432.51
"Wakulla, FL",735.78
"Walton, FL",1238.13
"Washington, FL",615.84
GEORGIA,59441.22
"Appling, GA",512.15
"Atkinson, GA",344.12
"Bacon, GA",285.94
"Baker, GA",349.19
"Baldwin, GA",267.52
"Banks, GA",233.88
"Barrow, GA",162.85
"Bartow, GA",470.56
"Ben Hill, GA",254.04
"Berrien, GA",457.81
"Bibb, GA",255.17
"Bleckley, GA",219.14
"Brantley, GA",447.44
"Brooks, GA",497.81
"Bryan, GA",454.54
"Bulloch, GA",688.92
"Burke, GA",835.06
"Butts, GA",190.02
"Calhoun, GA",283.59
"Camden, GA",782.52
"Candler, GA",248.85
"Carroll, GA",503.86
"Catoosa, GA",162.67
"Charlton, GA",783.01
"Chatham, GA",646.32
"Chattahoochee, GA",251.19
"Chattooga, GA",313.97
"Cherokee, GA",434.03
"Clarke, GA",121.29
"Clay, GA",217.01
"Clayton, GA",144.29
"Clinch, GA",824.24
"Cobb, GA",344.54
"Coffee, GA",602.67
"Colquitt, GA",556.59
"Columbia, GA",307.8
"Cook, GA",233.24
"Coweta, GA",446.01
"Crawford, GA",326.48
"Crisp, GA",281.21
"Dade, GA",174.1
"Dawson, GA",213.95
"Decatur, GA",623.2
"DeKalb, GA",270.94
"Dodge, GA",503.2
"Dooly, GA",397.15
"Dougherty, GA",334.67
"Douglas, GA",200.27
"Early, GA",516.31
"Echols, GA",420.83
"Effingham, GA",482.89
"Elbert, GA",374.57
"Emanuel, GA",690.4
"Evans, GA",186.9
"Fannin, GA",391.46
"Fayette, GA",199.27
"Floyd, GA",518.5
"Forsyth, GA",247.38
"Franklin, GA",266.38
"Fulton, GA",534.59
"Gilmer, GA",431.85
"Glascock, GA",144.46
"Glynn, GA",583.07
"Gordon, GA",357.63
"Grady, GA",460.37
"Greene, GA",406.28
"Gwinnett, GA",436.74
"Habersham, GA",279.21
"Hall, GA",429.21
"Hancock, GA",478.8
"Haralson, GA",283.19
"Harris, GA",472.97
"Hart, GA",256.43
"Heard, GA",301.11
"Henry, GA",324.49
"Houston, GA",379.87
"Irwin, GA",362.75
"Jackson, GA",343.02
"Jasper, GA",373.6
"Jeff Davis, GA",335.46
"Jefferson, GA",529.6
"Jenkins, GA",352.48
"Johnson, GA",306.54
"Jones, GA",395.41
"Lamar, GA",185.81
"Lanier, GA",199.84
"Laurens, GA",818.56
"Lee, GA",362.03
"Liberty, GA",602.58
"Lincoln, GA",257.31
"Long, GA",403.53
"Lowndes, GA",510.66
"Lumpkin, GA",284.89
"McDuffie, GA",266.32
"McIntosh, GA",574.76
"Macon, GA",405.99
"Madison, GA",285.6
"Marion, GA",367.53
"Meriwether, GA",505.39
"Miller, GA",283.74
"Mitchell, GA",513.84
"Monroe, GA",397.83
"Montgomery, GA",247.34
"Morgan, GA",354.62
"Murray, GA",346.9
"Muscogee, GA",221.02
"Newton, GA",279.21
"Oconee, GA",186.15
"Oglethorpe, GA",442.2
"Paulding, GA",315.09
"Peach, GA",151.47
"Pickens, GA",232.8
"Pierce, GA",343.67
"Pike, GA",219.45
"Polk, GA",312.16
"Pulaski, GA",249.87
"Putnam, GA",360.66
"Quitman, GA",160.93
"Rabun, GA",377.01
"Randolph, GA",430.92
"Richmond, GA",328.5
"Rockdale, GA",132.13
"Schley, GA",167.83
"Screven, GA",655.66
"Seminole, GA",256.58
"Spalding, GA",199.61
"Stephens, GA",184.24
"Stewart, GA",463.26
"Sumter, GA",492.58
"Talbot, GA",394.77
"Taliaferro, GA",195.48
"Tattnall, GA",488.27
"Taylor, GA",379.65
"Telfair, GA",444.12
"Terrell, GA",337.65
"Thomas, GA",552.13
"Tift, GA",268.88
"Toombs, GA",368.67
"Towns, GA",171.87
"Treutlen, GA",202.22
"Troup, GA",445.99
"Turner, GA",289.87
"Twiggs, GA",362.92
"Union, GA",329.19
"Upson, GA",327.67
"Walker, GA",446.74
"Walton, GA",330.07
"Ware, GA",906.62
"Warren, GA",286.76
"Washington, GA",684.43
"Wayne, GA",648.85
"Webster, GA",210.27
"Wheeler, GA",300.16
"White, GA",242.18
"Whitfield, GA",290.68
"Wilcox, GA",383.32
"Wilkes, GA",474.03
"Wilkinson, GA",452.03
"Worth, GA",574.61
HAWAII,10931.58
"Hawaii, HI",5086.97
"Honolulu, HI",2126.98
"Kalawao, HI",52.33
"Kauai, HI",1266.45
"Maui, HI",2398.87
IDAHO,83573.77
"Ada, ID",1060.38
"Adams, ID",1370.11
"Bannock, ID",1147.5
"Bear Lake, ID",1049.49
"Benewah, ID",784.01
"Bingham, ID",2120.34
"Blaine, ID",2661.14
"Boise, ID",1906.81
"Bonner, ID",1919.62
"Bonneville, ID",1900.74
"Boundary, ID",1278.2
"Butte, ID",2233.66
"Camas, ID",1079.06
"Canyon, ID",603.52
"Caribou, ID",1798.73
"Cassia, ID",2580.45
"Clark, ID",1765.28
"Clearwater, ID",2488.26
"Custer, ID",4936.92
"Elmore, ID",3100.69
"Franklin, ID",668.4
"Fremont, ID",1895.67
"Gem, ID",565.77
"Gooding, ID",733.89
"Idaho, ID",8502.78
"Jefferson, ID",1105.62
"Jerome, ID",601.91
"Kootenai, ID",1315.77
"Latah, ID",1076.94
"Lemhi, ID",4569.68
"Lewis, ID",479.83
"Lincoln, ID",1205.92
"Madison, ID",473.39
"Minidoka, ID",763.03
"Nez Perce, ID",856.4
"Oneida, ID",1201.69
"Owyhee, ID",7697.11
"Payette, ID",410.19
"Power, ID",1442.69
"Shoshone, ID",2635.6
"Teton, ID",450.6
"Twin Falls, ID",1928.57
"Valley, ID",3733.85
"Washington, ID",1473.6
ILLINOIS,57917.84
"Adams, IL",871.32
"Alexander, IL",252.55
"Bond, IL",382.67
"Boone, IL",281.96
"Brown, IL",307.26
"Bureau, IL",873.36
"Calhoun, IL",283.71
"Carroll, IL",465.81
"Cass, IL",383.76
"Champaign, IL",997.56
"Christian, IL",715.71
"Clark, IL",504.91
"Clay, IL",469.87
"Clinton, IL",503.5
"Coles, IL",510.1
"Cook, IL",1634.89
"Crawford, IL",445.77
"Cumberland, IL",347.02
"DeKalb, IL",635.02
"De Witt, IL",405.18
"Douglas, IL",417.44
"DuPage, IL",336.87
"Edgar, IL",624.22
"Edwards, IL",222.67
"Effingham, IL",479.93
"Fayette, IL",725.39
"Ford, IL",486.44
"Franklin, IL",431.42
"Fulton, IL",882.66
"Gallatin, IL",328.42
"Greene, IL",546.37
"Grundy, IL",430.44
"Hamilton, IL",435.86
"Hancock, IL",814.58
"Hardin, IL",181.54
"Henderson, IL",395.15
"Henry, IL",825.64
"Iroquois, IL",1118.11
"Jackson, IL",602.54
"Jasper, IL",498.06
"Jefferson, IL",583.74
"Jersey, IL",377.05
"Jo Daviess, IL",618.79
"Johnson, IL",348.89
"Kane, IL",524.12
"Kankakee, IL",681.49
"Kendall, IL",322.69
"Knox, IL",719.74
"Lake, IL",1368.05
"LaSalle, IL",1148.12
"Lawrence, IL",373.97
"Lee, IL",729.34
"Livingston, IL",1045.49
"Logan, IL",619.04
"McDonough, IL",590.06
"McHenry, IL",611.18
"McLean, IL",1186.33
"Macon, IL",585.4
"Macoupin, IL",867.65
"Madison, IL",740.39
"Marion, IL",575.73
"Marshall, IL",398.53
"Mason, IL",563.41
"Massac, IL",242.13
"Menard, IL",315.4
"Mercer, IL",568.91
"Monroe, IL",397.73
"Montgomery, IL",709.79
"Morgan, IL",572.29
"Moultrie, IL",344.48
"Ogle, IL",763.33
"Peoria, IL",630.91
"Perry, IL",446.84
"Piatt, IL",440.35
"Pike, IL",848.92
"Pope, IL",374.65
"Pulaski, IL",203.34
"Putnam, IL",172.25
"Randolph, IL",597.29
"Richland, IL",362.03
"Rock Island, IL",451.19
"St. Clair, IL",673.99
"Saline, IL",386.99
"Sangamon, IL",877.11
"Schuyler, IL",441.43
"Scott, IL",252.79
"Shelby, IL",768.09
"Stark, IL",288.23
"Stephenson, IL",564.78
"Tazewell, IL",657.94
"Union, IL",422.15
"Vermilion, IL",902.18
"Wabash, IL",227.78
"Warren, IL",543.21
"Washington, IL",564.15
"Wayne, IL",715.6
"White, IL",501.72
"Whiteside, IL",697.06
"Will, IL",849.45
"Williamson, IL",444.4
"Winnebago, IL",519.33
"Woodford, IL",542.78
INDIANA,36420.09
"Adams, IN",339.95
"Allen, IN",660.14
"Bartholomew, IN",409.38
"Benton, IN",406.42
"Blackford, IN",165.42
"Boone, IN",423.31
"Brown, IN",316.65
"Carroll, IN",375.06
"Cass, IN",414.95
"Clark, IN",376.23
"Clay, IN",360.42
"Clinton, IN",405.3
"Crawford, IN",308.87
"Daviess, IN",436.89
"Dearborn, IN",307.08
"Decatur, IN",373.44
"DeKalb, IN",363.87
"Delaware, IN",395.95
"Dubois, IN",435.25
"Elkhart, IN",467.87
"Fayette, IN",215.14
"Floyd, IN",148.33
"Fountain, IN",397.95
"Franklin, IN",391.36
"Fulton, IN",371.39
"Gibson, IN",499.08
"Grant, IN",414.84
"Greene, IN",545.95
"Hamilton, IN",402.75
"Hancock, IN",306.75
"Harrison, IN",486.91
"Hendricks, IN",408.9
"Henry, IN",394.93
"Howard, IN",293.94
"Huntington, IN",387.95
"Jackson, IN",513.79
"Jasper, IN",561.26
"Jay, IN",383.84
"Jefferson, IN",362.97
"Jennings, IN",378.38
"Johnson, IN",321.58
"Knox, IN",524.08
"Kosciusko, IN",554.36
"LaGrange, IN",386.73
"Lake, IN",626.38
"LaPorte, IN",613.09
"Lawrence, IN",452.1
"Madison, IN",452.94
"Marion, IN",403.11
"Marshall, IN",449.95
"Martin, IN",340.55
"Miami, IN",377.38
"Monroe, IN",411.34
"Montgomery, IN",505.39
"Morgan, IN",409.41
"Newton, IN",403.56
"Noble, IN",417.63
"Ohio, IN",87.48
"Orange, IN",408.23
"Owen, IN",387.85
"Parke, IN",450.12
"Perry, IN",386.36
"Pike, IN",341.1
"Porter, IN",521.64
"Posey, IN",419.47
"Pulaski, IN",434.59
"Putnam, IN",482.61
"Randolph, IN",453.27
"Ripley, IN",447.95
"Rush, IN",408.65
"St. Joseph, IN",460.97
"Scott, IN",192.74
"Shelby, IN",413.14
"Spencer, IN",401.26
"Starke, IN",312.33
"Steuben, IN",322.5
"Sullivan, IN",454.08
"Switzerland, IN",223.54
"Tippecanoe, IN",503.12
"Tipton, IN",260.43
"Union, IN",165.26
"Vanderburgh, IN",235.76
"Vermillion, IN",259.95
"Vigo, IN",410.5
"Wabash, IN",421.1
"Warren, IN",366.63
"Warrick, IN",390.87
"Washington, IN",516.57
"Wayne, IN",404.38
"Wells, IN",370.43
"White, IN",508.82
"Whitley, IN",337.91
IOWA,56275.54
"Adair, IA",570.33
"Adams, IA",425.42
"Allamakee, IA",658.75
"Appanoose, IA",516.39
"Audubon, IA",443.6
"Benton, IA",718.52
"Black Hawk, IA",571.96
"Boone, IA",573.54
"Bremer, IA",439.64
"Buchanan, IA",573.38
"Buena Vista, IA",580.1
"Butler, IA",581.6
"Calhoun, IA",572.33
"Carroll, IA",570.27
"Cass, IA",565.03
"Cedar, IA",582.01
"Cerro Gordo, IA",575.18
"Cherokee, IA",577.38
"Chickasaw, IA",505.53
"Clarke, IA",431.75
"Clay, IA",572.56
"Clayton, IA",792.85
"Clinton, IA",710.26
"Crawford, IA",715.04
"Dallas, IA",591.77
"Davis, IA",504.93
"Decatur, IA",533.36
"Delaware, IA",579.08
"Des Moines, IA",429.83
"Dickinson, IA",403.71
"Dubuque, IA",616.63
"Emmet, IA",402.4
"Fayette, IA",731.47
"Floyd, IA",501.33
"Franklin, IA",583.06
"Fremont, IA",516.79
"Greene, IA",571.16
"Grundy, IA",502.58
"Guthrie, IA",593.09
"Hamilton, IA",577.47
"Hancock, IA",573.18
"Hardin, IA",569.99
"Harrison, IA",700.99
"Henry, IA",436.71
"Howard, IA",473.8
"Humboldt, IA",435.75
"Ida, IA",432.26
"Iowa, IA",587.39
"Jackson, IA",649.81
"Jasper, IA",732.97
"Jefferson, IA",436.76
"Johnson, IA",623.41
"Jones, IA",576.74
"Keokuk, IA",579.99
"Kossuth, IA",974.46
"Lee, IA",538.8
"Linn, IA",724.62
"Louisa, IA",417.67
"Lucas, IA",434.21
"Lyon, IA",587.68
"Madison, IA",562.33
"Mahaska, IA",573.45
"Marion, IA",570.58
"Marshall, IA",573.07
"Mills, IA",439.7
"Mitchell, IA",469.42
"Monona, IA",698.89
"Monroe, IA",434.14
"Montgomery, IA",424.84
"Muscatine, IA",449.09
"O'Brien, IA",573.3
"Osceola, IA",399.52
"Page, IA",535.38
"Palo Alto, IA",569.45
"Plymouth, IA",864.02
"Pocahontas, IA",579.17
"Polk, IA",591.94
"Pottawattamie, IA",960.01
"Poweshiek, IA",586.22
"Ringgold, IA",538.96
"Sac, IA",578.42
"Scott, IA",468.2
"Shelby, IA",591.4
"Sioux, IA",768.65
"Story, IA",573.73
"Tama, IA",722.42
"Taylor, IA",534.85
"Union, IA",425.98
"Van Buren, IA",490.59
"Wapello, IA",436.02
"Warren, IA",573.24
"Washington, IA",570.81
"Wayne, IA",527.12
"Webster, IA",718.1
"Winnebago, IA",401.59
"Winneshiek, IA",689.93
"Woodbury, IA",877.43
"Worth, IA",401.73
"Wright, IA",582.58
KANSAS,82282
"Allen, KS",505.24
"Anderson, KS",584.35
"Atchison, KS",435.06
"Barber, KS",1136.27
"Barton, KS",900.5
"Bourbon, KS",638.88
"Brown, KS",572.23
"Butler, KS",1446.49
"Chase, KS",778.06
"Chautauqua, KS",644.87
"Cherokee, KS",591.02
"Cheyenne, KS",1020.89
"Clark, KS",977.27
"Clay, KS",655.46
"Cloud, KS",718.51
"Coffey, KS",654.63
"Comanche, KS",789.75
"Cowley, KS",1132.67
"Crawford, KS",595.11
"Decatur, KS",894.23
"Dickinson, KS",852.66
"Doniphan, KS",397.1
"Douglas, KS",474.5
"Edwards, KS",622.13
"Elk, KS",650.41
"Ellis, KS",900.52
"Ellsworth, KS",723.47
"Finney, KS",1302.69
"Ford, KS",1099.35
"Franklin, KS",576.7
"Geary, KS",403.95
"Gove, KS",1071.55
"Graham, KS",898.72
"Grant, KS",575.1
"Gray, KS",869.39
"Greeley, KS",778.05
"Greenwood, KS",1152.66
"Hamilton, KS",997.66
"Harper, KS",803
"Harvey, KS",540.54
"Haskell, KS",577.75
"Hodgeman, KS",860.29
"Jackson, KS",657.9
"Jefferson, KS",556.98
"Jewell, KS",914.51
"Johnson, KS",480.18
"Kearny, KS",871.57
"Kingman, KS",866.75
"Kiowa, KS",722.67
"Labette, KS",653.36
"Lane, KS",717.48
"Leavenworth, KS",468.36
"Lincoln, KS",719.97
"Linn, KS",606.35
"Logan, KS",1073.17
"Lyon, KS",855.21
"McPherson, KS",901.29
"Marion, KS",953.59
"Marshall, KS",904.41
"Meade, KS",979.72
"Miami, KS",590.2
"Mitchell, KS",718.65
"Montgomery, KS",651.45
"Morris, KS",702.9
"Morton, KS",729.99
"Nemaha, KS",719.43
"Neosho, KS",578.09
"Ness, KS",1075.07
"Norton, KS",881.42
"Osage, KS",719.29
"Osborne, KS",894.31
"Ottawa, KS",721.94
"Pawnee, KS",754.6
"Phillips, KS",894.84
"Pottawatomie, KS",862.12
"Pratt, KS",735.79
"Rawlins, KS",1069.79
"Reno, KS",1271.33
"Republic, KS",720.36
"Rice, KS",728.33
"Riley, KS",622.15
"Rooks, KS",895.4
"Rush, KS",718.45
"Russell, KS",899.03
"Saline, KS",721.32
"Scott, KS",717.7
"Sedgwick, KS",1009.48
"Seward, KS",640.55
"Shawnee, KS",556.35
"Sheridan, KS",896.66
"Sherman, KS",1056.08
"Smith, KS",896.56
"Stafford, KS",794.77
"Stanton, KS",680.12
"Stevens, KS",727.78
"Sumner, KS",1184.86
"Thomas, KS",1074.97
"Trego, KS",899.09
"Wabaunsee, KS",799.86
"Wallace, KS",914.12
"Washington, KS",898.88
"Wichita, KS",718.59
"Wilson, KS",575.04
"Woodson, KS",505.5
"Wyandotte, KS",155.7
KENTUCKY,40411.24
"Adair, KY",412.25
"Allen, KY",352.06
"Anderson, KY",204.3
"Ballard, KY",273.62
"Barren, KY",499.95
"Bath, KY",283.96
"Bell, KY",361.36
"Boone, KY",256.98
"Bourbon, KY",291.68
"Boyd, KY",161.83
"Boyle, KY",182.71
"Bracken, KY",208.91
"Breathitt, KY",495.32
"Breckinridge, KY",585.55
"Bullitt, KY",300.21
"Butler, KY",431.54
"Caldwell, KY",348.2
"Calloway, KY",410.81
"Campbell, KY",159.44
"Carlisle, KY",199.03
"Carroll, KY",137.28
"Carter, KY",412.17
"Casey, KY",445.75
"Christian, KY",724.05
"Clark, KY",255.18
"Clay, KY",471.09
"Clinton, KY",205.55
"Crittenden, KY",370.97
"Cumberland, KY",310.87
"Daviess, KY",476.3
"Edmonson, KY",308.03
"Elliott, KY",235.22
"Estill, KY",255.72
"Fayette, KY",285.53
"Fleming, KY",351.49
"Floyd, KY",395.49
"Franklin, KY",212.13
"Fulton, KY",230.56
"Gallatin, KY",104.68
"Garrard, KY",233.89
"Grant, KY",260.75
"Graves, KY",556.5
"Grayson, KY",510.86
"Green, KY",288.8
"Greenup, KY",354.53
"Hancock, KY",198.93
"Hardin, KY",629.89
"Harlan, KY",467.98
"Harrison, KY",309.89
"Hart, KY",417.93
"Henderson, KY",467.26
"Henry, KY",291.13
"Hickman, KY",252.95
"Hopkins, KY",554.25
"Jackson, KY",346.59
"Jefferson, KY",398.6
"Jessamine, KY",174.47
"Johnson, KY",263.96
"Kenton, KY",164.97
"Knott, KY",353.03
"Knox, KY",387.72
"Larue, KY",263.74
"Laurel, KY",443.77
"Lawrence, KY",420.16
"Lee, KY",211.23
"Leslie, KY",404.37
"Letcher, KY",339.13
"Lewis, KY",495.73
"Lincoln, KY",336.77
"Livingston, KY",342.22
"Logan, KY",557.13
"Lyon, KY",256.47
"McCracken, KY",268.1
"McCreary, KY",430.67
"McLean, KY",256.19
"Madison, KY",443.14
"Magoffin, KY",309.46
"Marion, KY",346.89
"Marshall, KY",340.33
"Martin, KY",230.83
"Mason, KY",246.62
"Meade, KY",324.24
"Menifee, KY",206.04
"Mercer, KY",253.13
"Metcalfe, KY",290.98
"Monroe, KY",332.13
"Montgomery, KY",198.82
"Morgan, KY",383.76
"Muhlenberg, KY",479.47
"Nelson, KY",424.1
"Nicholas, KY",196.86
"Ohio, KY",596.75
"Oldham, KY",196.56
"Owen, KY",354.18
"Owsley, KY",198.1
"Pendleton, KY",281.37
"Perry, KY",342.64
"Pike, KY",788.89
"Powell, KY",180.21
"Pulaski, KY",677.09
"Robertson, KY",100.11
"Rockcastle, KY",318.08
"Rowan, KY",286.27
"Russell, KY",282.84
"Scott, KY",285.31
"Shelby, KY",385.67
"Simpson, KY",236.21
"Spencer, KY",191.81
"Taylor, KY",277.06
"Todd, KY",377
"Trigg, KY",481.12
"Trimble, KY",156.24
"Union, KY",363.44
"Warren, KY",547.72
"Washington, KY",301.54
"Wayne, KY",484.22
"Webster, KY",335.7
"Whitley, KY",445.17
"Wolfe, KY",222.88
"Woodford, KY",192
LOUISIANA,51843.47
"Acadia, LA",657.65
"Allen, LA",765.72
"Ascension, LA",302.91
"Assumption, LA",364.59
"Avoyelles, LA",865.74
"Beauregard, LA",1166.06
"Bienville, LA",821.83
"Bossier, LA",867.01
"Caddo, LA",937.01
"Calcasieu, LA",1094.42
"Caldwell, LA",540.77
"Cameron, LA",1931.76
"Catahoula, LA",739.5
"Claiborne, LA",767.52
"Concordia, LA",748.74
"De Soto, LA",894.55
"East Baton Rouge, LA",470.59
"East Carroll, LA",442.49
"East Feliciana, LA",455.72
"Evangeline, LA",679.64
"Franklin, LA",635.48
"Grant, LA",664.6
"Iberia, LA",1030.94
"Iberville, LA",652.88
"Jackson, LA",580.38
"Jefferson, LA",642.42
"Jefferson Davis, LA",658.62
"Lafayette, LA",270.32
"Lafourche, LA",1472.3
"La Salle, LA",662.42
"Lincoln, LA",472.3
"Livingston, LA",702.89
"Madison, LA",650.59
"Morehouse, LA",805.26
"Natchitoches, LA",1299.38
"Orleans, LA",350.23
"Ouachita, LA",632.76
"Plaquemines, LA",2428.73
"Pointe Coupee, LA",590.74
"Rapides, LA",1362.04
"Red River, LA",402.1
"Richland, LA",564.55
"Sabine, LA",1011.59
"St. Bernard, LA",1793.84
"St. Charles, LA",410.18
"St. Helena, LA",409.49
"St. James, LA",257.81
"St. John the Baptist, LA",347.86
"St. Landry, LA",938.88
"St. Martin, LA",816.51
"St. Mary, LA",1118.93
"St. Tammany, LA",1124.13
"Tangipahoa, LA",823.19
"Tensas, LA",641.25
"Terrebonne, LA",2080.08
"Union, LA",905.36
"Vermilion, LA",1538.42
"Vernon, LA",1341.61
"Washington, LA",676.01
"Webster, LA",615.13
"West Baton Rouge, LA",203.64
"West Carroll, LA",360.35
"West Feliciana, LA",426.05
"Winn, LA",956.98
MAINE,35387.33
"Androscoggin, ME",497.25
"Aroostook, ME",6829.18
"Cumberland, ME",1217.01
"Franklin, ME",1744.46
"Hancock, ME",2351.18
"Kennebec, ME",951.24
"Knox, ME",1142.07
"Lincoln, ME",699.97
"Oxford, ME",2175.44
"Penobscot, ME",3556.42
"Piscataquis, ME",4377.71
"Sagadahoc, ME",370.29
"Somerset, ME",4095.73
"Waldo, ME",852.81
"Washington, ME",3255.14
"York, ME",1271.44
MARYLAND,12407.45
"Allegany, MD",429.74
"Anne Arundel, MD",587.91
"Baltimore, MD",682.08
"Calvert, MD",345.11
"Caroline, MD",326.07
"Carroll, MD",452.43
"Cecil, MD",417.89
"Charles, MD",643.27
"Dorchester, MD",982.97
"Frederick, MD",667.4
"Garrett, MD",656.08
"Harford, MD",526.74
"Howard, MD",253.56
"Kent, MD",414.32
"Montgomery, MD",506.22
"Prince George's, MD",499.42
"Queen Anne's, MD",509.82
"St. Mary's, MD",764.54
"Somerset, MD",610.81
"Talbot, MD",476.81
"Washington, MD",467.57
"Wicomico, MD",399.81
"Worcester, MD",694.78
"Baltimore city, MD",92.08
MASSACHUSETTS,10554.79
"Barnstable, MA",1305.52
"Berkshire, MA",946.34
"Bristol, MA",691.26
"Dukes, MA",491
"Essex, MA",828.69
"Franklin, MA",724.81
"Hampden, MA",634.17
"Hampshire, MA",545.47
"Middlesex, MA",847.63
"Nantucket, MA",303.28
"Norfolk, MA",443.97
"Plymouth, MA",1093.48
"Suffolk, MA",120.07
"Worcester, MA",1579.11
MICHIGAN,96810.22
"Alcona, MI",1790.56
"Alger, MI",5044.37
"Allegan, MI",1833.51
"Alpena, MI",1695.05
"Antrim, MI",601.94
"Arenac, MI",680.75
"Baraga, MI",1069.12
"Barry, MI",576.93
"Bay, MI",630.98
"Benzie, MI",859.72
"Berrien, MI",1581.47
"Branch, MI",519.52
"Calhoun, MI",718.49
"Cass, MI",508.51
"Charlevoix, MI",1390.87
"Cheboygan, MI",885.26
"Chippewa, MI",2698
"Clare, MI",575.25
"Clinton, MI",574.6
"Crawford, MI",563.41
"Delta, MI",1991.75
"Dickinson, MI",777.2
"Eaton, MI",579.07
"Emmet, MI",882.33
"Genesee, MI",649.37
"Gladwin, MI",516.46
"Gogebic, MI",1476.54
"Grand Traverse, MI",601.17
"Gratiot, MI",571.64
"Hillsdale, MI",607.18
"Houghton, MI",1501.63
"Huron, MI",2137.25
"Ingham, MI",560.98
"Ionia, MI",580.26
"Iosco, MI",1890.72
"Iron, MI",1211.16
"Isabella, MI",577.78
"Jackson, MI",723.82
"Kalamazoo, MI",580.23
"Kalkaska, MI",570.79
"Kent, MI",872.21
"Keweenaw, MI",6060.49
"Lake, MI",574.64
"Lapeer, MI",663.12
"Leelanau, MI",2533.36
"Lenawee, MI",761.38
"Livingston, MI",585.46
"Luce, MI",1911.9
"Mackinac, MI",2100.59
"Macomb, MI",569.81
"Manistee, MI",1280.9
"Marquette, MI",3426.9
"Mason, MI",1241.98
"Mecosta, MI",571.14
"Menominee, MI",1338.13
"Midland, MI",527.92
"Missaukee, MI",573.85
"Monroe, MI",680.1
"Montcalm, MI",721.02
"Montmorency, MI",562.46
"Muskegon, MI",1459.29
"Newaygo, MI",861.45
"Oakland, MI",908.07
"Oceana, MI",1306.83
"Ogemaw, MI",574.67
"Ontonagon, MI",3741.37
"Osceola, MI",573.15
"Oscoda, MI",571.6
"Otsego, MI",526
"Ottawa, MI",1632.12
"Presque Isle, MI",2573.22
"Roscommon, MI",579.86
"Saginaw, MI",815.82
"St. Clair, MI",832.55
"St. Joseph, MI",521.18
"Sanilac, MI",1590.64
"Schoolcraft, MI",1883.79
"Shiawassee, MI",540.78
"Tuscola, MI",913.83
"Van Buren, MI",1090.28
"Washtenaw, MI",722.59
"Wayne, MI",672.26
"Wexford, MI",575.88
MINNESOTA,86942.71
"Aitkin, MN",1995.39
"Anoka, MN",446.28
"Becker, MN",1445.17
"Beltrami, MN",3055.7
"Benton, MN",413.02
"Big Stone, MN",527.92
"Blue Earth, MN",765.93
"Brown, MN",618.62
"Carlton, MN",875.28
"Carver, MN",376.23
"Cass, MN",2414.31
"Chippewa, MN",587.85
"Chisago, MN",442.53
"Clay, MN",1052.78
"Clearwater, MN",1029.85
"Cook, MN",3339.29
"Cottonwood, MN",648.94
"Crow Wing, MN",1156.62
"Dakota, MN",586.36
"Dodge, MN",439.64
"Douglas, MN",719.97
"Faribault, MN",721.64
"Fillmore, MN",862.19
"Freeborn, MN",722.66
"Goodhue, MN",780.47
"Grant, MN",575.21
"Hennepin, MN",606.43
"Houston, MN",568.95
"Hubbard, MN",999.44
"Isanti, MN",451.9
"Itasca, MN",2927.91
"Jackson, MN",719.51
"Kanabec, MN",533.41
"Kandiyohi, MN",862.01
"Kittson, MN",1103.54
"Koochiching, MN",3154.35
"Lac qui Parle, MN",778.09
"Lake, MN",2991.14
"Lake of the Woods, MN",1775.08
"Le Sueur, MN",473.9
"Lincoln, MN",548.47
"Lyon, MN",721.49
"McLeod, MN",505.7
"Mahnomen, MN",583.02
"Marshall, MN",1812.83
"Martin, MN",729.59
"Meeker, MN",645.11
"Mille Lacs, MN",681.8
"Morrison, MN",1153.37
"Mower, MN",711.74
"Murray, MN",719.56
"Nicollet, MN",466.98
"Nobles, MN",722.36
"Norman, MN",876.85
"Olmsted, MN",654.53
"Otter Tail, MN",2225.03
"Pennington, MN",618.36
"Pine, MN",1434.68
"Pipestone, MN",466.17
"Polk, MN",1997.89
"Pope, MN",717.33
"Ramsey, MN",170.16
"Red Lake, MN",432.52
"Redwood, MN",881.28
"Renville, MN",987.27
"Rice, MN",516.14
"Rock, MN",482.86
"Roseau, MN",1678.48
"St. Louis, MN",6860.53
"Scott, MN",368.57
"Sherburne, MN",451
"Sibley, MN",600.39
"Stearns, MN",1389.99
"Steele, MN",432.18
"Stevens, MN",575.27
"Swift, MN",752.39
"Todd, MN",979.39
"Traverse, MN",586
"Wabasha, MN",549.85
"Wadena, MN",543.02
"Waseca, MN",432.82
"Washington, MN",423.19
"Watonwan, MN",439.93
"Wilkin, MN",751.67
"Winona, MN",641.63
"Wright, MN",714.42
"Yellow Medicine, MN",763.42
MISSISSIPPI,48433.59
"Adams, MS",486.28
"Alcorn, MS",401.38
"Amite, MS",731.7
"Attala, MS",737.15
"Benton, MS",408.67
"Bolivar, MS",905.82
"Calhoun, MS",588
"Carroll, MS",634.59
"Chickasaw, MS",504.3
"Choctaw, MS",419.84
"Claiborne, MS",501.44
"Clarke, MS",693.46
"Clay, MS",416.05
"Coahoma, MS",583.18
"Copiah, MS",779.45
"Covington, MS",414.97
"DeSoto, MS",496.82
"Forrest, MS",470.2
"Franklin, MS",566.78
"George, MS",483.65
"Greene, MS",718.73
"Grenada, MS",449.41
"Hancock, MS",552.56
"Harrison, MS",976.18
"Hinds, MS",877.41
"Holmes, MS",764.24
"Humphreys, MS",431.2
"Issaquena, MS",441.4
"Itawamba, MS",540.46
"Jackson, MS",1043.36
"Jasper, MS",677.49
"Jefferson, MS",527.24
"Jefferson Davis, MS",409.14
"Jones, MS",699.79
"Kemper, MS",767.05
"Lafayette, MS",679.33
"Lamar, MS",500.52
"Lauderdale, MS",715.33
"Lawrence, MS",435.76
"Leake, MS",585.43
"Lee, MS",453.17
"Leflore, MS",606.4
"Lincoln, MS",588.22
"Lowndes, MS",516.48
"Madison, MS",742.03
"Marion, MS",548.61
"Marshall, MS",709.86
"Monroe, MS",772.1
"Montgomery, MS",407.9
"Neshoba, MS",571.69
"Newton, MS",579.62
"Noxubee, MS",700.09
"Oktibbeha, MS",461.94
"Panola, MS",705.19
"Pearl River, MS",818.98
"Perry, MS",650.24
"Pike, MS",410.81
"Pontotoc, MS",501.02
"Prentiss, MS",418.28
"Quitman, MS",406.52
"Rankin, MS",806.16
"Scott, MS",610.43
"Sharkey, MS",434.92
"Simpson, MS",590.57
"Smith, MS",637.32
"Stone, MS",448.09
"Sunflower, MS",707.26
"Tallahatchie, MS",652.13
"Tate, MS",410.98
"Tippah, MS",460
"Tishomingo, MS",444.57
"Tunica, MS",480.82
"Union, MS",416.91
"Walthall, MS",404.47
"Warren, MS",618.82
"Washington, MS",761.31
"Wayne, MS",813.54
"Webster, MS",423.38
"Wilkinson, MS",687.71
"Winston, MS",610.15
"Yalobusha, MS",495.03
"Yazoo, MS",934.2
MISSOURI,69708.81
"Adair, MO",569.35
"Andrew, MO",436.53
"Atchison, MO",547.39
"Audrain, MO",696.83
"Barry, MO",790.96
"Barton, MO",596.78
"Bates, MO",851.45
"Benton, MO",752.55
"Bollinger, MO",621.21
"Boone, MO",691.19
"Buchanan, MO",414.6
"Butler, MO",699.01
"Caldwell, MO",429.75
"Callaway, MO",847.26
"Camden, MO",708.9
"Cape Girardeau, MO",586.33
"Carroll, MO",702.35
"Carter, MO",509.06
"Cass, MO",702.73
"Cedar, MO",498.54
"Chariton, MO",768.3
"Christian, MO",564.09
"Clark, MO",511.93
"Clay, MO",409.16
"Clinton, MO",423.5
"Cole, MO",399.11
"Cooper, MO",570.25
"Crawford, MO",743.82
"Dade, MO",506.34
"Dallas, MO",542.87
"Daviess, MO",569.12
"DeKalb, MO",425.8
"Dent, MO",754.56
"Douglas, MO",814.67
"Dunklin, MO",547.14
"Franklin, MO",929.64
"Gasconade, MO",524.53
"Gentry, MO",491.84
"Greene, MO",677.84
"Grundy, MO",438.01
"Harrison, MO",726.5
"Henry, MO",732.61
"Hickory, MO",411.77
"Holt, MO",469.09
"Howard, MO",470.58
"Howell, MO",928.39
"Iron, MO",552.09
"Jackson, MO",616.16
"Jasper, MO",641.37
"Jefferson, MO",664.12
"Johnson, MO",833.09
"Knox, MO",506.8
"Laclede, MO",768.03
"Lafayette, MO",638.9
"Lawrence, MO",613.42
"Lewis, MO",510.88
"Lincoln, MO",640.44
"Linn, MO",621.5
"Livingston, MO",538.51
"McDonald, MO",539.74
"Macon, MO",812.58
"Madison, MO",497.64
"Maries, MO",530.01
"Marion, MO",444.07
"Mercer, MO",455.21
"Miller, MO",599.98
"Mississippi, MO",428.93
"Moniteau, MO",418.87
"Monroe, MO",670.26
"Montgomery, MO",541.97
"Morgan, MO",613.94
"New Madrid, MO",698.07
"Newton, MO",626.72
"Nodaway, MO",877.81
"Oregon, MO",791.65
"Osage, MO",613.44
"Ozark, MO",755.13
"Pemiscot, MO",512.44
"Perry, MO",484.3
"Pettis, MO",686.38
"Phelps, MO",674.32
"Pike, MO",684.84
"Platte, MO",427.26
"Polk, MO",642.51
"Pulaski, MO",551.44
"Putnam, MO",519.7
"Ralls, MO",483.84
"Randolph, MO",487.69
"Ray, MO",573.62
"Reynolds, MO",814.47
"Ripley, MO",631.71
"St. Charles, MO",593.54
"St. Clair, MO",701.95
"Ste. Genevieve, MO",508.96
"St. Francois, MO",452.43
"St. Louis, MO",523.61
"Saline, MO",764.62
"Schuyler, MO",308.18
"Scotland, MO",439.29
"Scott, MO",426.06
"Shannon, MO",1004.05
"Shelby, MO",502.45
"Stoddard, MO",828.99
"Stone, MO",510.95
"Sullivan, MO",651.48
"Taney, MO",651.53
"Texas, MO",1179.33
"Vernon, MO",837.11
"Warren, MO",437.76
"Washington, MO",762.5
"Wayne, MO",774.13
"Webster, MO",593.74
"Worth, MO",266.77
"Wright, MO",683.24
"St. Louis city, MO",66.15
MONTANA,147046.16
"Beaverhead, MT",5572.35
"Big Horn, MT",5014.72
"Blaine, MT",4238.98
"Broadwater, MT",1238.94
"Carbon, MT",2062.26
"Carter, MT",3348.41
"Cascade, MT",2711.74
"Chouteau, MT",3997.13
"Custer, MT",3793.37
"Daniels, MT",1426.57
"Dawson, MT",2383.23
"Deer Lodge, MT",741.27
"Fallon, MT",1623.06
"Fergus, MT",4350.51
"Flathead, MT",5256.6
"Gallatin, MT",2532.73
"Garfield, MT",4847.66
"Glacier, MT",3037.12
"Golden Valley, MT",1176.42
"Granite, MT",1733.17
"Hill, MT",2916.07
"Jefferson, MT",1658.89
"Judith Basin, MT",1870.75
"Lake, MT",1653.75
"Lewis and Clark, MT",3497.63
"Liberty, MT",1447.18
"Lincoln, MT",3675.22
"McCone, MT",2682.84
"Madison, MT",3602.93
"Meagher, MT",2394.87
"Mineral, MT",1223.43
"Missoula, MT",2618.39
"Musselshell, MT",1870.94
"Park, MT",2666.73
"Petroleum, MT",1674.05
"Phillips, MT",5212.22
"Pondera, MT",1639.83
"Powder River, MT",3298.02
"Powell, MT",2332.71
"Prairie, MT",1742.61
"Ravalli, MT",2400.39
"Richland, MT",2103.08
"Roosevelt, MT",2369.7
"Rosebud, MT",5026.96
"Sanders, MT",2790.18
"Sheridan, MT",1706.38
"Silver Bow, MT",718.99
"Stillwater, MT",1804.71
"Sweet Grass, MT",1862.1
"Teton, MT",2292.57
"Toole, MT",1945.82
"Treasure, MT",984.14
"Valley, MT",5062.08
"Wheatland, MT",1428.37
"Wibaux, MT",890.12
"Yellowstone, MT",2649.11
"Yellowstone National Park, MT",246.12
NEBRASKA,77358.4
"Adams, NE",564.19
"Antelope, NE",858.49
"Arthur, NE",718.36
"Banner, NE",746.43
"Blaine, NE",714.39
"Boone, NE",687.3
"Box Butte, NE",1077.92
"Boyd, NE",544.64
"Brown, NE",1225.15
"Buffalo, NE",975.31
"Burt, NE",497.12
"Butler, NE",584.43
"Cass, NE",566.27
"Cedar, NE",745.86
"Chase, NE",897.67
"Cherry, NE",6009.87
"Cheyenne, NE",1196.55
"Clay, NE",573.56
"Colfax, NE",418.61
"Cuming, NE",574.58
"Custer, NE",2576.21
"Dakota, NE",267.41
"Dawes, NE",1400.9
"Dawson, NE",1019.34
"Deuel, NE",440.83
"Dixon, NE",482.75
"Dodge, NE",543.98
"Douglas, NE",339.65
"Dundy, NE",920.84
"Fillmore, NE",576.66
"Franklin, NE",576.13
"Frontier, NE",980.11
"Furnas, NE",720.53
"Gage, NE",859.99
"Garden, NE",1731.15
"Garfield, NE",571.36
"Gosper, NE",462.77
"Grant, NE",783.27
"Greeley, NE",570.74
"Hall, NE",552.25
"Hamilton, NE",546.76
"Harlan, NE",574.2
"Hayes, NE",713.37
"Hitchcock, NE",718.62
"Holt, NE",2417.8
"Hooker, NE",721.54
"Howard, NE",575.77
"Jefferson, NE",575.53
"Johnson, NE",376.84
"Kearney, NE",516.15
"Keith, NE",1109.85
"Keya Paha, NE",774.21
"Kimball, NE",952.38
"Knox, NE",1139.75
"Lancaster, NE",846.73
"Lincoln, NE",2575.27
"Logan, NE",571.18
"Loup, NE",571.06
"McPherson, NE",860.06
"Madison, NE",575.09
"Merrick, NE",494.39
"Morrill, NE",1429.92
"Nance, NE",448.08
"Nemaha, NE",411.91
"Nuckolls, NE",576
"Otoe, NE",619.12
"Pawnee, NE",432.97
"Perkins, NE",884.33
"Phelps, NE",540.62
"Pierce, NE",575.31
"Platte, NE",689.13
"Polk, NE",441.13
"Red Willow, NE",718.1
"Richardson, NE",555.98
"Rock, NE",1011.91
"Saline, NE",576.08
"Sarpy, NE",247.29
"Saunders, NE",758.91
"Scotts Bluff, NE",745.57
"Seward, NE",575.74
"Sheridan, NE",2470.12
"Sherman, NE",571.66
"Sioux, NE",2067.43
"Stanton, NE",431.08
"Thayer, NE",575.36
"Thomas, NE",713.69
"Thurston, NE",396.27
"Valley, NE",570.54
"Washington, NE",393.79
"Wayne, NE",443.52
"Webster, NE",575.04
"Wheeler, NE",575.61
"York, NE",576.04
NEVADA,110566.91
"Churchill, NV",5023.65
"Clark, NV",8091.05
"Douglas, NV",737.67
"Elko, NV",17204.04
"Esmeralda, NV",3589.19
"Eureka, NV",4180.25
"Humboldt, NV",9658.42
"Lander, NV",5519.64
"Lincoln, NV",10637.44
"Lyon, NV",2016.49
"Mineral, NV",3813.17
"Nye, NV",18159.71
"Pershing, NV",6067.89
"Storey, NV",263.81
"Washoe, NV",6551.48
"White Pine, NV",8897.17
"Carson City city, NV",155.85
NEW HAMPSHIRE,9350.93
"Belknap, NH",468.59
"Carroll, NH",992.32
"Cheshire, NH",729.21
"Coos, NH",1831.72
"Grafton, NH",1750.3
"Hillsborough, NH",892.28
"Merrimack, NH",956.56
"Rockingham, NH",794.04
"Strafford, NH",383.95
"Sullivan, NH",551.98
NEW JERSEY,8721.95
"Atlantic, NJ",671.47
"Bergen, NJ",246.82
"Burlington, NJ",819.48
"Camden, NJ",227.59
"Cape May, NJ",620.29
"Cumberland, NJ",676.57
"Essex, NJ",129.59
"Gloucester, NJ",337
"Hudson, NJ",62.26
"Hunterdon, NJ",437.85
"Mercer, NJ",228.87
"Middlesex, NJ",322.65
"Monmouth, NJ",665.34
"Morris, NJ",481.36
"Ocean, NJ",915.9
"Passaic, NJ",197.07
"Salem, NJ",372.54
"Somerset, NJ",305.07
"Sussex, NJ",535.96
"Union, NJ",105.46
"Warren, NJ",362.78
NEW MEXICO,121598.23
"Bernalillo, NM",1168.77
"Catron, NM",6929.49
"Chaves, NM",6075.6
"Cibola, NM",4542.07
"Colfax, NM",3768.29
"Curry, NM",1407.78
"De Baca, NM",2334.02
"Dona Ana, NM",3814.88
"Eddy, NM",4197.8
"Grant, NM",3967.79
"Guadalupe, NM",3031.81
"Harding, NM",2126.1
"Hidalgo, NM",3446.2
"Lea, NM",4394.33
"Lincoln, NM",4831.64
"Los Alamos, NM",109.35
"Luna, NM",2965.5
"McKinley, NM",5455.62
"Mora, NM",1933.6
"Otero, NM",6627.84
"Quay, NM",2881.98
"Rio Arriba, NM",5896.53
"Roosevelt, NM",2455.08
"Sandoval, NM",3714.65
"San Juan, NM",5538.71
"San Miguel, NM",4736
"Santa Fe, NM",1910.95
"Sierra, NM",4236.59
"Socorro, NM",6649.06
"Taos, NM",2204.77
"Torrance, NM",3346.1
"Union, NM",3831
"Valencia, NM",1068.29
NEW YORK,54474.56
"Albany, NY",533.47
"Allegany, NY",1034.48
"Bronx, NY",57.42
"Broome, NY",715.5
"Cattaraugus, NY",1322.33
"Cayuga, NY",778.93
"Chautauqua, NY",1500.19
"Chemung, NY",410.81
"Chenango, NY",898.76
"Clinton, NY",1117.68
"Columbia, NY",648.32
"Cortland, NY",501.55
"Delaware, NY",1468.11
"Dutchess, NY",825.43
"Erie, NY",1226.97
"Essex, NY",1916.62
"Franklin, NY",1697.54
"Fulton, NY",532.94
"Genesee, NY",495.37
"Greene, NY",658.19
"Hamilton, NY",1807.9
"Herkimer, NY",1458.46
"Jefferson, NY",1857.35
"Kings, NY",96.87
"Lewis, NY",1289.99
"Livingston, NY",640.49
"Madison, NY",661.56
"Monroe, NY",1365.95
"Montgomery, NY",410.35
"Nassau, NY",453.32
"New York, NY",33.68
"Niagara, NY",1139.89
"Oneida, NY",1257.16
"Onondaga, NY",805.73
"Ontario, NY",662.46
"Orange, NY",838.58
"Orleans, NY",817.53
"Oswego, NY",1312.22
"Otsego, NY",1015.24
"Putnam, NY",246.27
"Queens, NY",177.35
"Rensselaer, NY",665.46
"Richmond, NY",102.62
"Rockland, NY",199.36
"St. Lawrence, NY",2821.61
"Saratoga, NY",843.78
"Schenectady, NY",209.64
"Schoharie, NY",626.18
"Schuyler, NY",346.16
"Seneca, NY",390.53
"Steuben, NY",1404.17
"Suffolk, NY",2373.39
"Sullivan, NY",996.93
"Tioga, NY",522.94
"Tompkins, NY",491.65
"Ulster, NY",1160.82
"Warren, NY",931.73
"Washington, NY",845.91
"Wayne, NY",1384.18
"Westchester, NY",500.21
"Wyoming, NY",596.48
"Yates, NY",371.85
NORTH CAROLINA,53821.35
"Alamance, NC",434.8
"Alexander, NC",263.29
"Alleghany, NC",235.52
"Anson, NC",537.17
"Ashe, NC",426.81
"Avery, NC",247.22
"Beaufort, NC",958
"Bertie, NC",741.22
"Bladen, NC",887.15
"Brunswick, NC",1050.06
"Buncombe, NC",660.05
"Burke, NC",514.91
"Cabarrus, NC",365.02
"Caldwell, NC",474.32
"Camden, NC",305.72
"Carteret, NC",1351.57
"Caswell, NC",428.47
"Catawba, NC",413.52
"Chatham, NC",709.18
"Cherokee, NC",466.69
"Chowan, NC",233.32
"Clay, NC",220.6
"Cleveland, NC",468.31
"Columbus, NC",953.64
"Craven, NC",761.82
"Cumberland, NC",658.5
"Currituck, NC",525.68
"Dare, NC",1561.59
"Davidson, NC",566.81
"Davie, NC",266.89
"Duplin, NC",819.15
"Durham, NC",298.12
"Edgecombe, NC",506.61
"Forsyth, NC",412.91
"Franklin, NC",494.14
"Gaston, NC",363.85
"Gates, NC",345.63
"Graham, NC",301.61
"Granville, NC",536.6
"Greene, NC",265.91
"Guilford, NC",657.73
"Halifax, NC",730.97
"Harnett, NC",601.3
"Haywood, NC",554.85
"Henderson, NC",374.85
"Hertford, NC",360.83
"Hoke, NC",392.37
"Hyde, NC",1424
"Iredell, NC",593.42
"Jackson, NC",494.36
"Johnston, NC",795.9
"Jones, NC",474.74
"Lee, NC",259.36
"Lenoir, NC",402.11
"Lincoln, NC",307.06
"McDowell, NC",446.43
"Macon, NC",519.44
"Madison, NC",451.61
"Martin, NC",462.9
"Mecklenburg, NC",549.74
"Mitchell, NC",222.15
"Montgomery, NC",501.1
"Moore, NC",706.29
"Nash, NC",542.72
"New Hanover, NC",327.93
"Northampton, NC",550.26
"Onslow, NC",908.46
"Orange, NC",401.15
"Pamlico, NC",566.24
"Pasquotank, NC",289.45
"Pender, NC",932.69
"Perquimans, NC",328.95
"Person, NC",404.1
"Pitt, NC",654.81
"Polk, NC",238.58
"Randolph, NC",789.97
"Richmond, NC",479.64
"Robeson, NC",951.07
"Rockingham, NC",572.35
"Rowan, NC",523.89
"Rutherford, NC",565.98
"Sampson, NC",947.51
"Scotland, NC",320.65
"Stanly, NC",404.3
"Stokes, NC",455.9
"Surry, NC",537.81
"Swain, NC",540.65
"Transylvania, NC",380.57
"Tyrrell, NC",600.32
"Union, NC",639.64
"Vance, NC",269.85
"Wake, NC",857.5
"Warren, NC",443.83
"Washington, NC",424.26
"Watauga, NC",312.76
"Wayne, NC",556.72
"Wilkes, NC",759.96
"Wilson, NC",374.29
"Yadkin, NC",337.53
"Yancey, NC",313.13
NORTH DAKOTA,70703.83
"Adams, ND",988.89
"Barnes, ND",1513.34
"Benson, ND",1439.39
"Billings, ND",1153.47
"Bottineau, ND",1697.83
"Bowman, ND",1167.03
"Burke, ND",1129.33
"Burleigh, ND",1668.12
"Cass, ND",1768
"Cavalier, ND",1510.22
"Dickey, ND",1141.76
"Divide, ND",1294.24
"Dunn, ND",2082.38
"Eddy, ND",644.26
"Emmons, ND",1554.82
"Foster, ND",646.75
"Golden Valley, ND",1002.4
"Grand Forks, ND",1439.91
"Grant, ND",1666.02
"Griggs, ND",716.21
"Hettinger, ND",1133.78
"Kidder, ND",1433.3
"LaMoure, ND",1150.86
"Logan, ND",1011.14
"McHenry, ND",1911.83
"McIntosh, ND",995.12
"McKenzie, ND",2861.05
"McLean, ND",2328.27
"Mercer, ND",1112.49
"Morton, ND",1945.39
"Mountrail, ND",1941.16
"Nelson, ND",1008.8
"Oliver, ND",731.23
"Pembina, ND",1121.78
"Pierce, ND",1082.26
"Ramsey, ND",1300.93
"Ransom, ND",864.18
"Renville, ND",892.11
"Richland, ND",1445.8
"Rolette, ND",939.4
"Sargent, ND",867.15
"Sheridan, ND",1005.83
"Sioux, ND",1128.37
"Slope, ND",1219.27
"Stark, ND",1340.55
"Steele, ND",715.54
"Stutsman, ND",2298.36
"Towner, ND",1041.61
"Traill, ND",862.59
"Walsh, ND",1294.17
"Ward, ND",2056.36
"Wells, ND",1290.7
"Williams, ND",2148.08
OHIO,44827.53
"Adams, OH",585.83
"Allen, OH",406.92
"Ashland, OH",426.86
"Ashtabula, OH",1368.76
"Athens, OH",508.58
"Auglaize, OH",401.74
"Belmont, OH",541.41
"Brown, OH",495.26
"Butler, OH",470.24
"Carroll, OH",399.02
"Champaign, OH",429.74
"Clark, OH",403.83
"Clermont, OH",457.74
"Clinton, OH",412.31
"Columbiana, OH",535.22
"Coshocton, OH",567.61
"Crawford, OH",402.85
"Cuyahoga, OH",1245.62
"Darke, OH",600.38
"Defiance, OH",414.21
"Delaware, OH",455.99
"Erie, OH",625.78
"Fairfield, OH",508.58
"Fayette, OH",407.11
"Franklin, OH",543.35
"Fulton, OH",407.36
"Gallia, OH",471.16
"Geauga, OH",408.71
"Greene, OH",416.24
"Guernsey, OH",528.33
"Hamilton, OH",412.81
"Hancock, OH",533.64
"Hardin, OH",470.55
"Harrison, OH",410.81
"Henry, OH",420
"Highland, OH",557.89
"Hocking, OH",423.62
"Holmes, OH",424.04
"Huron, OH",494.94
"Jackson, OH",421.52
"Jefferson, OH",410.89
"Knox, OH",529.56
"Lake, OH",979.02
"Lawrence, OH",457.3
"Licking, OH",688.39
"Logan, OH",466.81
"Lorain, OH",923.09
"Lucas, OH",560.64
"Madison, OH",465.97
"Mahoning, OH",423.4
"Marion, OH",404.17
"Medina, OH",423.13
"Meigs, OH",432.41
"Mercer, OH",473.32
"Miami, OH",409.19
"Monroe, OH",457.48
"Montgomery, OH",464.39
"Morgan, OH",421.88
"Morrow, OH",407.38
"Muskingum, OH",672.61
"Noble, OH",404.6
"Ottawa, OH",620.41
"Paulding, OH",418.92
"Perry, OH",412.62
"Pickaway, OH",506.84
"Pike, OH",443.98
"Portage, OH",507.14
"Preble, OH",426.35
"Putnam, OH",484.28
"Richland, OH",500.36
"Ross, OH",693
"Sandusky, OH",417.8
"Scioto, OH",616.12
"Seneca, OH",552.41
"Shelby, OH",411.06
"Stark, OH",580.94
"Summit, OH",420.1
"Trumbull, OH",634.08
"Tuscarawas, OH",571.53
"Union, OH",437
"Van Wert, OH",410.51
"Vinton, OH",414.99
"Warren, OH",407.14
"Washington, OH",640.18
"Wayne, OH",556.34
"Williams, OH",423.08
"Wood, OH",620.58
"Wyandot, OH",407.65
OKLAHOMA,69902.9
"Adair, OK",577.06
"Alfalfa, OK",881.5
"Atoka, OK",990.05
"Beaver, OK",1817.68
"Beckham, OK",904.19
"Blaine, OK",938.94
"Bryan, OK",943.49
"Caddo, OK",1290.41
"Canadian, OK",905.25
"Carter, OK",833.78
"Cherokee, OK",776.45
"Choctaw, OK",800.72
"Cimarron, OK",1841.27
"Cleveland, OK",558.39
"Coal, OK",521.32
"Comanche, OK",1083.91
"Cotton, OK",641.99
"Craig, OK",762.78
"Creek, OK",969.82
"Custer, OK",1002.07
"Delaware, OK",792.37
"Dewey, OK",1008.34
"Ellis, OK",1231.94
"Garfield, OK",1060
"Garvin, OK",813.73
"Grady, OK",1105.38
"Grant, OK",1003.67
"Greer, OK",643.71
"Harmon, OK",538.6
"Harper, OK",1041.02
"Haskell, OK",625.29
"Hughes, OK",814.69
"Jackson, OK",804.22
"Jefferson, OK",773.88
"Johnston, OK",658.33
"Kay, OK",945.2
"Kingfisher, OK",906.03
"Kiowa, OK",1030.74
"Latimer, OK",729.16
"Le Flore, OK",1608.14
"Lincoln, OK",965.68
"Logan, OK",748.98
"Love, OK",531.99
"McClain, OK",580.18
"McCurtain, OK",1901.45
"McIntosh, OK",712.49
"Major, OK",957.92
"Marshall, OK",426.98
"Mayes, OK",683.55
"Murray, OK",424.95
"Muskogee, OK",839.01
"Noble, OK",742.5
"Nowata, OK",580.93
"Okfuskee, OK",628.94
"Oklahoma, OK",718.38
"Okmulgee, OK",702.36
"Osage, OK",2303.94
"Ottawa, OK",484.77
"Pawnee, OK",594.92
"Payne, OK",697.18
"Pittsburg, OK",1377.92
"Pontotoc, OK",725.5
"Pottawatomie, OK",793.39
"Pushmataha, OK",1422.86
"Roger Mills, OK",1146.53
"Rogers, OK",711.49
"Seminole, OK",640.55
"Sequoyah, OK",714.93
"Stephens, OK",891.19
"Texas, OK",2048.97
"Tillman, OK",879.29
"Tulsa, OK",587.05
"Wagoner, OK",591.01
"Washington, OK",424.19
"Washita, OK",1009.14
"Woods, OK",1290.14
"Woodward, OK",1246.09
OREGON,98385.75
"Baker, OR",3088.61
"Benton, OR",679.01
"Clackamas, OR",1879.13
"Clatsop, OR",1084.8
"Columbia, OR",688.37
"Coos, OR",1806.45
"Crook, OR",2987.55
"Curry, OR",1988.64
"Deschutes, OR",3054.96
"Douglas, OR",5134.06
"Gilliam, OR",1222.91
"Grant, OR",4529.53
"Harney, OR",10227.05
"Hood River, OR",533.6
"Jackson, OR",2801.94
"Jefferson, OR",1791.27
"Josephine, OR",1641.66
"Klamath, OR",6136.19
"Lake, OR",8359.03
"Lane, OR",4721.95
"Lincoln, OR",1193.89
"Linn, OR",2309.3
"Malheur, OR",9930.51
"Marion, OR",1195.2
"Morrow, OR",2048.68
"Multnomah, OR",465.7
"Polk, OR",744.21
"Sherman, OR",831.29
"Tillamook, OR",1332.86
"Umatilla, OR",3231.34
"Union, OR",2038.4
"Wallowa, OR",3151.78
"Wasco, OR",2395.46
"Washington, OR",726.43
"Wheeler, OR",1715.55
"Yamhill, OR",718.41
PENNSYLVANIA,46058.24
"Adams, PA",521.56
"Allegheny, PA",744.73
"Armstrong, PA",664.48
"Beaver, PA",443.94
"Bedford, PA",1017.49
"Berks, PA",865.68
"Blair, PA",527.17
"Bradford, PA",1161.09
"Bucks, PA",622.15
"Butler, PA",794.85
"Cambria, PA",693.48
"Cameron, PA",398.61
"Carbon, PA",388.79
"Centre, PA",1111.93
"Chester, PA",759.86
"Clarion, PA",608.99
"Clearfield, PA",1153.87
"Clinton, PA",898.12
"Columbia, PA",489.81
"Crawford, PA",1037.82
"Cumberland, PA",551.2
"Dauphin, PA",557.57
"Delaware, PA",190.77
"Elk, PA",832.27
"Erie, PA",1558.49
"Fayette, PA",797.99
"Forest, PA",431.42
"Franklin, PA",772.69
"Fulton, PA",438.06
"Greene, PA",577.99
"Huntingdon, PA",890.3
"Indiana, PA",834.35
"Jefferson, PA",656.91
"Juniata, PA",393.61
"Lackawanna, PA",464.57
"Lancaster, PA",983.9
"Lawrence, PA",362.78
"Lebanon, PA",362.61
"Lehigh, PA",348.33
"Luzerne, PA",907.14
"Lycoming, PA",1243.84
"McKean, PA",984.22
"Mercer, PA",682.62
"Mifflin, PA",413.46
"Monroe, PA",616.05
"Montgomery, PA",487.47
"Montour, PA",132.3
"Northampton, PA",377.41
"Northumberland, PA",477.4
"Perry, PA",555.81
"Philadelphia, PA",142.68
"Pike, PA",566.66
"Potter, PA",1081.47
"Schuylkill, PA",782.63
"Snyder, PA",332.18
"Somerset, PA",1081.26
"Sullivan, PA",452.37
"Susquehanna, PA",832.44
"Tioga, PA",1137.35
"Union, PA",317.15
"Venango, PA",683.08
"Warren, PA",897.83
"Washington, PA",861
"Wayne, PA",750.59
"Westmoreland, PA",1036.46
"Wyoming, PA",404.82
"York, PA",910.34
RHODE ISLAND,1545.1
"Bristol, RI",44.71
"Kent, RI",188.01
"Newport, RI",313.65
"Providence, RI",435.85
"Washington, RI",562.9
SOUTH CAROLINA,32007.11
"Abbeville, SC",511.1
"Aiken, SC",1080.53
"Allendale, SC",412.59
"Anderson, SC",757.47
"Bamberg, SC",395.49
"Barnwell, SC",557.29
"Beaufort, SC",923
"Berkeley, SC",1229.23
"Calhoun, SC",392.36
"Charleston, SC",1357.14
"Cherokee, SC",397.3
"Chester, SC",586.19
"Chesterfield, SC",805.84
"Clarendon, SC",695.71
"Colleton, SC",1132.05
"Darlington, SC",567.55
"Dillon, SC",406.56
"Dorchester, SC",576.74
"Edgefield, SC",506.56
"Fairfield, SC",709.98
"Florence, SC",803.05
"Georgetown, SC",1035.09
"Greenville, SC",797.01
"Greenwood, SC",462.95
"Hampton, SC",562.72
"Horry, SC",1255
"Jasper, SC",685.84
"Kershaw, SC",740.31
"Lancaster, SC",555.32
"Laurens, SC",722.02
"Lee, SC",411.33
"Lexington, SC",759.49
"McCormick, SC",393.89
"Marion, SC",494.11
"Marlboro, SC",485.3
"Newberry, SC",647.32
"Oconee, SC",673.63
"Orangeburg, SC",1127.83
"Pickens, SC",511.87
"Richland, SC",771.74
"Saluda, SC",460.64
"Spartanburg, SC",819.21
"Sumter, SC",682.08
"Union, SC",515.96
"Williamsburg, SC",936.97
"York, SC",695.77
SOUTH DAKOTA,77121.46
"Aurora, SD",712.58
"Beadle, SD",1264.93
"Bennett, SD",1190.7
"Bon Homme, SD",581.37
"Brookings, SD",804.82
"Brown, SD",1731.36
"Brule, SD",846.56
"Buffalo, SD",487.46
"Butte, SD",2266.43
"Campbell, SD",771.39
"Charles Mix, SD",1150.27
"Clark, SD",967.88
"Clay, SD",416.73
"Codington, SD",717.13
"Corson, SD",2529.52
"Custer, SD",1559.22
"Davison, SD",436.81
"Day, SD",1091.29
"Deuel, SD",636.75
"Dewey, SD",2445.83
"Douglas, SD",434.16
"Edmunds, SD",1151.23
"Fall River, SD",1749.24
"Faulk, SD",1005.77
"Grant, SD",687.95
"Gregory, SD",1053.51
"Haakon, SD",1827.37
"Hamlin, SD",537.99
"Hand, SD",1440.34
"Hanson, SD",435.67
"Harding, SD",2677.64
"Hughes, SD",800.35
"Hutchinson, SD",814.45
"Hyde, SD",866.66
"Jackson, SD",1871.41
"Jerauld, SD",532.67
"Jones, SD",971.75
"Kingsbury, SD",863.73
"Lake, SD",575.1
"Lawrence, SD",800.34
"Lincoln, SD",578.64
"Lyman, SD",1707.18
"McCook, SD",577.21
"McPherson, SD",1151.92
"Marshall, SD",885.67
"Meade, SD",3482.67
"Mellette, SD",1309.87
"Miner, SD",572.03
"Minnehaha, SD",813.74
"Moody, SD",521.13
"Pennington, SD",2784.46
"Perkins, SD",2890.85
"Potter, SD",898.47
"Roberts, SD",1135.42
"Sanborn, SD",570.25
"Shannon, SD",2096.72
"Spink, SD",1510.18
"Stanley, SD",1517.06
"Sully, SD",1070.42
"Todd, SD",1391
"Tripp, SD",1617.51
"Turner, SD",617.5
"Union, SD",467.11
"Walworth, SD",744.25
"Yankton, SD",532.66
"Ziebach, SD",1971.21
TENNESSEE,42146.01
"Anderson, TN",344.83
"Bedford, TN",474.89
"Benton, TN",436.23
"Bledsoe, TN",406.73
"Blount, TN",566.66
"Bradley, TN",331.52
"Campbell, TN",498.27
"Cannon, TN",265.73
"Carroll, TN",599.89
"Carter, TN",347.64
"Cheatham, TN",307.16
"Chester, TN",288.76
"Claiborne, TN",441.56
"Clay, TN",259.26
"Cocke, TN",443.17
"Coffee, TN",434.49
"Crockett, TN",265.49
"Cumberland, TN",684.97
"Davidson, TN",526.16
"Decatur, TN",344.93
"DeKalb, TN",329
"Dickson, TN",491.34
"Dyer, TN",526.52
"Fayette, TN",706.27
"Fentress, TN",499
"Franklin, TN",574.37
"Gibson, TN",603.64
"Giles, TN",611.22
"Grainger, TN",302.46
"Greene, TN",624.27
"Grundy, TN",361.17
"Hamblen, TN",175.78
"Hamilton, TN",575.76
"Hancock, TN",223.51
"Hardeman, TN",670.44
"Hardin, TN",596.36
"Hawkins, TN",499.66
"Haywood, TN",534.19
"Henderson, TN",525.95
"Henry, TN",593.49
"Hickman, TN",612.75
"Houston, TN",206.94
"Humphreys, TN",556.75
"Jackson, TN",319.57
"Jefferson, TN",314.34
"Johnson, TN",302.76
"Knox, TN",525.81
"Lake, TN",193.81
"Lauderdale, TN",507.17
"Lawrence, TN",617.96
"Lewis, TN",282.5
"Lincoln, TN",570.68
"Loudon, TN",247.04
"McMinn, TN",432.24
"McNairy, TN",560.87
"Macon, TN",307.2
"Madison, TN",558.68
"Marion, TN",513.8
"Marshall, TN",376.13
"Maury, TN",615.57
"Meigs, TN",216.79
"Monroe, TN",652.88
"Montgomery, TN",543.87
"Moore, TN",130.38
"Morgan, TN",522.41
"Obion, TN",555.38
"Overton, TN",434.83
"Perry, TN",422.93
"Pickett, TN",174.58
"Polk, TN",442.39
"Putnam, TN",402.44
"Rhea, TN",336.4
"Roane, TN",394.99
"Robertson, TN",476.72
"Rutherford, TN",624
"Scott, TN",533.25
"Sequatchie, TN",266.04
"Sevier, TN",597.77
"Shelby, TN",783.69
"Smith, TN",325.38
"Stewart, TN",493.22
"Sullivan, TN",429.71
"Sumner, TN",543.16
"Tipton, TN",474.76
"Trousdale, TN",116.65
"Unicoi, TN",186.49
"Union, TN",247.14
"Van Buren, TN",274.61
"Warren, TN",434.12
"Washington, TN",329.71
"Wayne, TN",735.65
"Weakley, TN",581.85
"White, TN",379.55
"Williamson, TN",583.67
"Wilson, TN",583.27
TEXAS,268600.96
"Anderson, TX",1078.05
"Andrews, TX",1501.09
"Angelina, TX",864.51
"Aransas, TX",528.01
"Archer, TX",925.85
"Armstrong, TX",913.85
"Atascosa, TX",1235.73
"Austin, TX",656.44
"Bailey, TX",827.43
"Bandera, TX",797.6
"Bastrop, TX",895.99
"Baylor, TX",901.08
"Bee, TX",880.39
"Bell, TX",1087.19
"Bexar, TX",1256.76
"Blanco, TX",713.46
"Borden, TX",906.11
"Bosque, TX",1002.72
"Bowie, TX",922.83
"Brazoria, TX",1597.54
"Brazos, TX",590.35
"Brewster, TX",6193.22
"Briscoe, TX",901.64
"Brooks, TX",943.67
"Brown, TX",957.03
"Burleson, TX",677.83
"Burnet, TX",1020.18
"Caldwell, TX",547.46
"Calhoun, TX",1032.24
"Callahan, TX",901.34
"Cameron, TX",1276.42
"Camp, TX",203.21
"Carson, TX",924.15
"Cass, TX",960.41
"Castro, TX",899.39
"Chambers, TX",868.59
"Cherokee, TX",1062.02
"Childress, TX",713.66
"Clay, TX",1116.23
"Cochran, TX",775.34
"Coke, TX",928.07
"Coleman, TX",1281.55
"Collin, TX",885.91
"Collingsworth, TX",919.48
"Colorado, TX",973.68
"Comal, TX",574.65
"Comanche, TX",947.74
"Concho, TX",993.75
"Cooke, TX",898.87
"Coryell, TX",1056.81
"Cottle, TX",901.66
"Crane, TX",785.65
"Crockett, TX",2807.66
"Crosby, TX",901.74
"Culberson, TX",3812.94
"Dallam, TX",1505.37
"Dallas, TX",908.87
"Dawson, TX",902.16
"Deaf Smith, TX",1498.36
"Delta, TX",277.94
"Denton, TX",957.72
"DeWitt, TX",910.55
"Dickens, TX",905.26
"Dimmit, TX",1334.58
"Donley, TX",933.09
"Duval, TX",1795.82
"Eastland, TX",931.98
"Ector, TX",901.76
"Edwards, TX",2120.13
"Ellis, TX",951.73
"El Paso, TX",1014.75
"Erath, TX",1089.88
"Falls, TX",773.86
"Fannin, TX",899.23
"Fayette, TX",959.92
"Fisher, TX",901.82
"Floyd, TX",992.57
"Foard, TX",707.74
"Fort Bend, TX",886.11
"Franklin, TX",294.79
"Freestone, TX",892.2
"Frio, TX",1134.39
"Gaines, TX",1502.91
"Galveston, TX",876.46
"Garza, TX",896.25
"Gillespie, TX",1061.58
"Glasscock, TX",901
"Goliad, TX",859.43
"Gonzales, TX",1069.91
"Gray, TX",929.3
"Grayson, TX",979.25
"Gregg, TX",276.41
"Grimes, TX",801.27
"Guadalupe, TX",714.23
"Hale, TX",1004.86
"Hall, TX",904.13
"Hamilton, TX",836.45
"Hansford, TX",920.48
"Hardeman, TX",697.05
"Hardin, TX",897.43
"Harris, TX",1777.89
"Harrison, TX",915.17
"Hartley, TX",1463.3
"Haskell, TX",910.33
"Hays, TX",679.85
"Hemphill, TX",912.11
"Henderson, TX",949.09
"Hidalgo, TX",1582.78
"Hill, TX",985.71
"Hockley, TX",908.57
"Hood, TX",436.82
"Hopkins, TX",792.8
"Houston, TX",1236.93
"Howard, TX",904.27
"Hudspeth, TX",4572.26
"Hunt, TX",882.09
"Hutchinson, TX",895.01
"Irion, TX",1051.68
"Jack, TX",920.18
"Jackson, TX",857.1
"Jasper, TX",969.68
"Jeff Davis, TX",2264.77
"Jefferson, TX",1111.32
"Jim Hogg, TX",1136.24
"Jim Wells, TX",868.3
"Johnson, TX",734.43
"Jones, TX",937.21
"Karnes, TX",753.58
"Kaufman, TX",806.87
"Kendall, TX",663.1
"Kenedy, TX",1945.6
"Kent, TX",902.97
"Kerr, TX",1107.76
"Kimble, TX",1251.02
"King, TX",913.38
"Kinney, TX",1365.4
"Kleberg, TX",1090.5
"Knox, TX",855.5
"Lamar, TX",932.53
"Lamb, TX",1017.8
"Lampasas, TX",714.02
"La Salle, TX",1494.36
"Lavaca, TX",970.44
"Lee, TX",634.09
"Leon, TX",1080.47
"Liberty, TX",1176.33
"Limestone, TX",933.22
"Lipscomb, TX",932.28
"Live Oak, TX",1078.94
"Llano, TX",966.25
"Loving, TX",676.88
"Lubbock, TX",900.74
"Lynn, TX",893.5
"McCulloch, TX",1073.43
"McLennan, TX",1060.27
"McMullen, TX",1142.71
"Madison, TX",472.48
"Marion, TX",420.39
"Martin, TX",915.69
"Mason, TX",932.26
"Matagorda, TX",1612.33
"Maverick, TX",1291.84
"Medina, TX",1334.63
"Menard, TX",902.32
"Midland, TX",902.03
"Milam, TX",1021.74
"Mills, TX",749.95
"Mitchell, TX",915.98
"Montague, TX",938.51
"Montgomery, TX",1076.91
"Moore, TX",909.68
"Morris, TX",258.65
"Motley, TX",989.87
"Nacogdoches, TX",981.41
"Navarro, TX",1086.27
"Newton, TX",939.57
"Nolan, TX",914.01
"Nueces, TX",1166.58
"Ochiltree, TX",918.14
"Oldham, TX",1501.53
"Orange, TX",379.56
"Palo Pinto, TX",985.56
"Panola, TX",821.39
"Parker, TX",910.15
"Parmer, TX",885.23
"Pecos, TX",4765.11
"Polk, TX",1109.91
"Potter, TX",922.06
"Presidio, TX",3856.54
"Rains, TX",258.89
"Randall, TX",922.49
"Reagan, TX",1176.09
"Real, TX",700.09
"Red River, TX",1057.67
"Reeves, TX",2642.13
"Refugio, TX",818.72
"Roberts, TX",924.25
"Robertson, TX",865.73
"Rockwall, TX",148.71
"Runnels, TX",1057.22
"Rusk, TX",938.7
"Sabine, TX",576.65
"San Augustine, TX",592.25
"San Jacinto, TX",627.96
"San Patricio, TX",707.11
"San Saba, TX",1138.33
"Schleicher, TX",1310.74
"Scurry, TX",907.61
"Shackelford, TX",915.61
"Shelby, TX",834.6
"Sherman, TX",923.27
"Smith, TX",949.55
"Somervell, TX",191.91
"Starr, TX",1229.38
"Stephens, TX",921.55
"Sterling, TX",923.58
"Stonewall, TX",920.31
"Sutton, TX",1454.52
"Swisher, TX",900.74
"Tarrant, TX",897.56
"Taylor, TX",919.34
"Terrell, TX",2357.94
"Terry, TX",890.96
"Throckmorton, TX",915.54
"Titus, TX",425.72
"Tom Green, TX",1540.63
"Travis, TX",1022.19
"Trinity, TX",714.05
"Tyler, TX",935.77
"Upshur, TX",592.72
"Upton, TX",1241.93
"Uvalde, TX",1558.71
"Val Verde, TX",3232.7
"Van Zandt, TX",859.56
"Victoria, TX",888.81
"Walker, TX",801.51
"Waller, TX",518.49
"Ward, TX",835.81
"Washington, TX",621.4
"Webb, TX",3375.67
"Wharton, TX",1094.51
"Wheeler, TX",915.39
"Wichita, TX",633.04
"Wilbarger, TX",978.16
"Willacy, TX",784.27
"Williamson, TX",1136.5
"Wilson, TX",808.64
"Winkler, TX",841.29
"Wise, TX",922.84
"Wood, TX",695.87
"Yoakum, TX",799.79
"Young, TX",930.9
"Zapata, TX",1058.18
"Zavala, TX",1301.82
UTAH,84904.12
"Beaver, UT",2592.43
"Box Elder, UT",6729.45
"Cache, UT",1173.17
"Carbon, UT",1484.69
"Daggett, UT",723.1
"Davis, UT",633.57
"Duchesne, UT",3256.29
"Emery, UT",4461.83
"Garfield, UT",5208.5
"Grand, UT",3694.3
"Iron, UT",3302.12
"Juab, UT",3406.46
"Kane, UT",4108.6
"Millard, UT",6828.51
"Morgan, UT",610.79
"Piute, UT",765.81
"Rich, UT",1086.36
"Salt Lake, UT",807.83
"San Juan, UT",7933.64
"Sanpete, UT",1602.71
"Sevier, UT",1918.41
"Summit, UT",1882.15
"Tooele, UT",7287.73
"Uintah, UT",4499.21
"Utah, UT",2141.06
"Wasatch, UT",1209.24
"Washington, UT",2430.07
"Wayne, UT",2466.61
"Weber, UT",659.49
VERMONT,9615
"Addison, VT",808.46
"Bennington, VT",677.72
"Caledonia, VT",657.74
"Chittenden, VT",619.62
"Essex, VT",673.83
"Franklin, VT",692.66
"Grand Isle, VT",194.66
"Lamoille, VT",463.47
"Orange, VT",691.97
"Orleans, VT",720.33
"Rutland, VT",944.43
"Washington, VT",695.83
"Windham, VT",798.18
"Windsor, VT",976.09
VIRGINIA,42768.88
"Accomack, VA",1310.18
"Albemarle, VA",726.24
"Alleghany, VA",446.93
"Amelia, VA",358.57
"Amherst, VA",478.81
"Appomattox, VA",334.75
"Arlington, VA",25.97
"Augusta, VA",972.28
"Bath, VA",534.59
"Bedford, VA",769.36
"Bland, VA",358.74
"Botetourt, VA",545.98
"Brunswick, VA",569.4
"Buchanan, VA",503.9
"Buckingham, VA",583.6
"Campbell, VA",507.28
"Caroline, VA",538.94
"Carroll, VA",477.84
"Charles City, VA",203.9
"Charlotte, VA",477.46
"Chesterfield, VA",438.43
"Clarke, VA",178.2
"Craig, VA",330.07
"Culpeper, VA",382.32
"Cumberland, VA",299.76
"Dickenson, VA",334.57
"Dinwiddie, VA",507.04
"Essex, VA",285.92
"Fairfax, VA",406.81
"Fauquier, VA",651.83
"Floyd, VA",381.49
"Fluvanna, VA",290.23
"Franklin, VA",711.6
"Frederick, VA",415.66
"Giles, VA",360.97
"Gloucester, VA",288.02
"Goochland, VA",290.01
"Grayson, VA",445.93
"Greene, VA",156.98
"Greensville, VA",296.83
"Halifax, VA",824.05
"Hanover, VA",474.11
"Henrico, VA",243.22
"Henry, VA",384.41
"Highland, VA",415.88
"Isle of Wight, VA",362.79
"James City, VA",179.73
"King and Queen, VA",326.35
"King George, VA",187.81
"King William, VA",285.67
"Lancaster, VA",231.36
"Lee, VA",437.34
"Loudoun, VA",521.14
"Louisa, VA",510.83
"Lunenburg, VA",432.4
"Madison, VA",321.81
"Mathews, VA",251.98
"Mecklenburg, VA",679.34
"Middlesex, VA",210.76
"Montgomery, VA",389.44
"Nelson, VA",474.34
"New Kent, VA",223.77
"Northampton, VA",795.4
"Northumberland, VA",285.68
"Nottoway, VA",316.13
"Orange, VA",343.44
"Page, VA",314.11
"Patrick, VA",485.88
"Pittsylvania, VA",978.21
"Powhatan, VA",262.42
"Prince Edward, VA",353.87
"Prince George, VA",281.55
"Prince William, VA",349.05
"Pulaski, VA",329.6
"Rappahannock, VA",266.86
"Richmond, VA",216.4
"Roanoke, VA",250.84
"Rockbridge, VA",601.02
"Rockingham, VA",853.35
"Russell, VA",476.78
"Scott, VA",538.66
"Shenandoah, VA",512.56
"Smyth, VA",452.33
"Southampton, VA",603.07
"Spotsylvania, VA",412.3
"Stafford, VA",279.55
"Surry, VA",310.32
"Sussex, VA",492.86
"Tazewell, VA",519.91
"Warren, VA",216.35
"Washington, VA",567.59
"Westmoreland, VA",252.65
"Wise, VA",404.56
"Wythe, VA",464.63
"York, VA",215.5
"Alexandria, VA",15.38
"Bedford, VA",6.86
"Bristol, VA",11.59
"Buena Vista, VA",6.83
"Charlottesville, VA",10.26
"Chesapeake, VA",350.92
"Clifton Forge, VA",3.1
"Colonial Heights, VA",7.79
"Covington, VA",4.44
"Danville, VA",43.94
"Emporia, VA",6.96
"Fairfax, VA",6.16
"Falls Church, VA",2
"Franklin, VA",7.72
"Fredericksburg, VA",10.52
"Galax, VA",8.07
"Hampton, VA",128.56
"Harrisonburg, VA",17.59
"Hopewell, VA",10.72
"Lexington, VA",2.49
"Lynchburg, VA",49.77
"Manassas, VA",10.03
"Manassas Park, VA",1.83
"Martinsville, VA",11.01
"Newport News, VA",119.03
"Norfolk, VA",96.3
"Norton, VA",7.26
"Petersburg, VA",23.22
"Poquoson, VA",78.43
"Portsmouth, VA",46.62
"Radford, VA",10.19
"Richmond, VA",62.61
"Roanoke, VA",42.93
"Salem, VA",14.55
"South Boston, VA",5.55
"Staunton, VA",19.76
"Suffolk, VA",429.09
"Virginia Beach, VA",497.35
"Waynesboro, VA",14.06
"Williamsburg, VA",8.74
"Winchester, VA",9.33
WASHINGTON,71302.65
"Adams, WA",1929.73
"Asotin, WA",640.69
"Benton, WA",1760.19
"Chelan, WA",2993.87
"Clallam, WA",2676.14
"Clark, WA",656.26
"Columbia, WA",873.52
"Cowlitz, WA",1166.41
"Douglas, WA",1848.74
"Ferry, WA",2257.46
"Franklin, WA",1265.38
"Garfield, WA",718.18
"Grant, WA",2791.37
"Grays Harbor, WA",2224.59
"Island, WA",517.39
"Jefferson, WA",2178.03
"King, WA",2306.77
"Kitsap, WA",565.98
"Kittitas, WA",2333.24
"Klickitat, WA",1904.29
"Lewis, WA",2436.43
"Lincoln, WA",2339.74
"Mason, WA",1051.09
"Okanogan, WA",5315.38
"Pacific, WA",1223.58
"Pend Oreille, WA",1425.34
"Pierce, WA",1806.67
"San Juan, WA",621.09
"Skagit, WA",1920.49
"Skamania, WA",1683.95
"Snohomish, WA",2196.53
"Spokane, WA",1780.82
"Stevens, WA",2540.66
"Thurston, WA",773.68
"Wahkiakum, WA",286.7
"Walla Walla, WA",1299.23
"Whatcom, WA",2503.64
"Whitman, WA",2177.61
"Yakima, WA",4311.78
WEST VIRGINIA,24231.44
"Barbour, WV",342.77
"Berkeley, WV",321.61
"Boone, WV",503.22
"Braxton, WV",516.2
"Brooke, WV",92.26
"Cabell, WV",288.04
"Calhoun, WV",280.65
"Clay, WV",343.85
"Doddridge, WV",320.51
"Fayette, WV",668.4
"Gilmer, WV",340.09
"Grant, WV",480.23
"Greenbrier, WV",1024.49
"Hampshire, WV",644.67
"Hancock, WV",88.36
"Hardy, WV",584.52
"Harrison, WV",416.63
"Jackson, WV",471.62
"Jefferson, WV",211.59
"Kanawha, WV",911.07
"Lewis, WV",389.79
"Lincoln, WV",438.61
"Logan, WV",455.63
"McDowell, WV",534.94
"Marion, WV",311.51
"Marshall, WV",312.2
"Mason, WV",444.84
"Mercer, WV",420.71
"Mineral, WV",329.16
"Mingo, WV",423.66
"Monongalia, WV",365.91
"Monroe, WV",473.68
"Morgan, WV",229.69
"Nicholas, WV",654.45
"Ohio, WV",108.86
"Pendleton, WV",698.21
"Pleasants, WV",134.6
"Pocahontas, WV",941.9
"Preston, WV",651.45
"Putnam, WV",350.42
"Raleigh, WV",609.38
"Randolph, WV",1040
"Ritchie, WV",453.61
"Roane, WV",483.8
"Summers, WV",367.73
"Taylor, WV",175.7
"Tucker, WV",421.13
"Tyler, WV",260.71
"Upshur, WV",354.89
"Wayne, WV",512.23
"Webster, WV",556.18
"Wetzel, WV",361.39
"Wirt, WV",234.85
"Wood, WV",376.98
"Wyoming, WV",501.85
WISCONSIN,65503.21
"Adams, WI",688.57
"Ashland, WI",2294.11
"Barron, WI",890.08
"Bayfield, WI",2041.75
"Brown, WI",615.47
"Buffalo, WI",709.63
"Burnett, WI",880.44
"Calumet, WI",397.06
"Chippewa, WI",1041.36
"Clark, WI",1219.14
"Columbia, WI",795.78
"Crawford, WI",599.29
"Dane, WI",1238.43
"Dodge, WI",907.08
"Door, WI",2369.94
"Douglas, WI",1480.03
"Dunn, WI",863.96
"Eau Claire, WI",645.31
"Florence, WI",497.52
"Fond du Lac, WI",765.87
"Forest, WI",1046.49
"Grant, WI",1183.44
"Green, WI",584.62
"Green Lake, WI",380.46
"Iowa, WI",768.16
"Iron, WI",919.29
"Jackson, WI",1000.08
"Jefferson, WI",582.8
"Juneau, WI",804.22
"Kenosha, WI",754.36
"Kewaunee, WI",1084.61
"La Crosse, WI",479.96
"Lafayette, WI",634.62
"Langlade, WI",887.95
"Lincoln, WI",906.97
"Manitowoc, WI",1493.85
"Marathon, WI",1576.24
"Marinette, WI",1550.26
"Marquette, WI",464.46
"Menominee, WI",365.02
"Milwaukee, WI",1189.8
"Monroe, WI",908.47
"Oconto, WI",1149.18
"Oneida, WI",1236.11
"Outagamie, WI",644.46
"Ozaukee, WI",1116.3
"Pepin, WI",248.7
"Pierce, WI",591.62
"Polk, WI",956.33
"Portage, WI",822.82
"Price, WI",1278.57
"Racine, WI",791.98
"Richland, WI",589.45
"Rock, WI",726.26
"Rusk, WI",930.96
"St. Croix, WI",735.85
"Sauk, WI",848.51
"Sawyer, WI",1350.44
"Shawano, WI",909.39
"Sheboygan, WI",1271.07
"Taylor, WI",984.58
"Trempealeau, WI",742.05
"Vernon, WI",816.5
"Vilas, WI",1017.92
"Walworth, WI",576.55
"Washburn, WI",853.13
"Washington, WI",435.92
"Waukesha, WI",580.52
"Waupaca, WI",765.38
"Waushara, WI",637.44
"Winnebago, WI",578.75
"Wood, WI",809.51
WYOMING,97818.11
"Albany, WY",4309.03
"Big Horn, WY",3159.1
"Campbell, WY",4801.69
"Carbon, WY",7964.44
"Converse, WY",4265.29
"Crook, WY",2870.61
"Fremont, WY",9266.21
"Goshen, WY",2232.31
"Hot Springs, WY",2006.32
"Johnson, WY",4174.86
"Laramie, WY",2687.82
"Lincoln, WY",4089.23
"Natrona, WY",5375.91
"Niobrara, WY",2627.99
"Park, WY",6968.85
"Platte, WY",2111.02
"Sheridan, WY",2527.14
"Sublette, WY",4935.97
"Sweetwater, WY",10491.73
"Teton, WY",4221.96
"Uinta, WY",2087.66
"Washakie, WY",2242.85
"Weston, WY",2400.13
